timeOpen;timeClose;timeHigh;timeLow;open;high;low;close;volume;marketCap;timestamp
"2023-08-31T00:00:00.000Z";"2023-08-31T23:59:59.999Z";"2023-08-31T04:09:00.000Z";"2023-08-31T23:51:00.000Z";7.4791432583;7.5411210929;6.8833845235;6.9000570936;42957976.61;199258663.33;"2023-08-31T23:59:59.999Z"
"2023-08-30T00:00:00.000Z";"2023-08-30T23:59:59.999Z";"2023-08-30T17:40:00.000Z";"2023-08-30T02:44:00.000Z";7.1778348078;7.7272601375;7.0273192034;7.4785500957;62496777.27;215894788.26;"2023-08-30T23:59:59.999Z"
"2023-08-29T00:00:00.000Z";"2023-08-29T23:59:59.999Z";"2023-08-29T14:28:00.000Z";"2023-08-29T12:17:00.000Z";7.2127784015;7.4342825599;6.9883184178;7.1776795055;48898320.17;207078085.95;"2023-08-29T23:59:59.999Z"
"2023-08-28T00:00:00.000Z";"2023-08-28T23:59:59.999Z";"2023-08-28T00:21:00.000Z";"2023-08-28T16:34:00.000Z";7.9296188147;7.9313962362;6.9754395288;7.2133705272;57856310.42;208041801.11;"2023-08-28T23:59:59.999Z"
"2023-08-27T00:00:00.000Z";"2023-08-27T23:59:59.999Z";"2023-08-27T18:31:00.000Z";"2023-08-27T00:11:00.000Z";7.0856895215;8.0708436984;7.0222947789;7.9264593523;94048557.68;228535726.38;"2023-08-27T23:59:59.999Z"
"2023-08-26T00:00:00.000Z";"2023-08-26T23:59:59.999Z";"2023-08-26T11:31:00.000Z";"2023-08-26T00:58:00.000Z";6.6052370432;7.3872221105;6.5052829388;7.0905825844;69527672.5;204371109.42;"2023-08-26T23:59:59.999Z"
"2023-08-25T00:00:00.000Z";"2023-08-25T23:59:59.999Z";"2023-08-25T02:37:00.000Z";"2023-08-25T12:36:00.000Z";6.8213526362;6.9898669222;6.5068549253;6.6052261755;46599344.67;190321657.35;"2023-08-25T23:59:59.999Z"
"2023-08-24T00:00:00.000Z";"2023-08-24T23:59:59.999Z";"2023-08-24T13:22:00.000Z";"2023-08-24T00:00:00.000Z";6.3734359416;7.4324385817;6.3734359416;6.8193238022;102517833.22;196428717.91;"2023-08-24T23:59:59.999Z"
"2023-08-23T00:00:00.000Z";"2023-08-23T23:59:59.999Z";"2023-08-23T08:13:00.000Z";"2023-08-23T03:55:00.000Z";5.8048700504;6.6961382433;5.7964036886;6.3714877825;93087903.42;183471196.25;"2023-08-23T23:59:59.999Z"
"2023-08-22T00:00:00.000Z";"2023-08-22T23:59:59.999Z";"2023-08-22T02:28:00.000Z";"2023-08-22T17:38:00.000Z";6.0581619667;6.152223898;5.6099450357;5.806410673;38478290.13;167145233.12;"2023-08-22T23:59:59.999Z"
"2023-08-21T00:00:00.000Z";"2023-08-21T23:59:59.999Z";"2023-08-21T05:43:00.000Z";"2023-08-21T15:58:00.000Z";6.1989720571;6.3538493355;5.9200933817;6.0582021091;34878545.48;174287354.35;"2023-08-21T23:59:59.999Z"
"2023-08-20T00:00:00.000Z";"2023-08-20T23:59:59.999Z";"2023-08-20T01:08:00.000Z";"2023-08-20T15:58:00.000Z";6.3442402275;6.4381484552;6.1473859589;6.1991192979;29364081.38;178286260.04;"2023-08-20T23:59:59.999Z"
"2023-08-19T00:00:00.000Z";"2023-08-19T23:59:59.999Z";"2023-08-19T08:37:00.000Z";"2023-08-19T05:50:00.000Z";6.3351893518;7.2316834519;6.2156296539;6.3447115792;59007848.54;182417055.91;"2023-08-19T23:59:59.999Z"
"2023-08-18T00:00:00.000Z";"2023-08-18T23:59:59.999Z";"2023-08-18T00:01:00.000Z";"2023-08-18T14:19:00.000Z";6.6105777283;6.6244838302;5.8603624312;6.3342900284;43138088.46;182061197.59;"2023-08-18T23:59:59.999Z"
"2023-08-17T00:00:00.000Z";"2023-08-17T23:59:59.999Z";"2023-08-17T06:42:00.000Z";"2023-08-17T22:12:00.000Z";6.5097034289;7.0604880262;6.1463192457;6.6092556031;61194650.76;189905746.56;"2023-08-17T23:59:59.999Z"
"2023-08-16T00:00:00.000Z";"2023-08-16T23:59:59.999Z";"2023-08-16T07:05:00.000Z";"2023-08-16T21:16:00.000Z";6.8282001416;7.1652375896;6.3233022153;6.5070379207;66754728.16;186911154.69;"2023-08-16T23:59:59.999Z"
"2023-08-15T00:00:00.000Z";"2023-08-15T23:59:59.999Z";"2023-08-15T00:28:00.000Z";"2023-08-15T19:55:00.000Z";7.4504008349;7.6101421851;6.7390813454;6.8295523672;71703520.78;196114304.86;"2023-08-15T23:59:59.999Z"
"2023-08-14T00:00:00.000Z";"2023-08-14T23:59:59.999Z";"2023-08-14T06:56:00.000Z";"2023-08-14T04:50:00.000Z";7.1687927173;8.148095791;6.4452410621;7.4493037155;152188067.42;213845865.8;"2023-08-14T23:59:59.999Z"
"2023-08-13T00:00:00.000Z";"2023-08-13T23:59:59.999Z";"2023-08-13T15:04:00.000Z";"2023-08-13T22:28:00.000Z";7.8436434098;9.1351224686;6.9931696471;7.162870069;241098485.01;205497618.15;"2023-08-13T23:59:59.999Z"
"2023-08-12T00:00:00.000Z";"2023-08-12T23:59:59.999Z";"2023-08-12T23:59:00.000Z";"2023-08-12T04:37:00.000Z";6.1785834908;7.8373623784;5.9040449317;7.8373623784;122822372.14;224779787.38;"2023-08-12T23:59:59.999Z"
"2023-08-11T00:00:00.000Z";"2023-08-11T23:59:59.999Z";"2023-08-11T18:25:00.000Z";"2023-08-11T00:20:00.000Z";4.6645100496;6.5162519385;4.6388962138;6.1764911514;138088868.04;177091122.53;"2023-08-11T23:59:59.999Z"
"2023-08-10T00:00:00.000Z";"2023-08-10T23:59:59.999Z";"2023-08-10T10:57:00.000Z";"2023-08-10T06:30:00.000Z";4.6863861058;4.9227633232;4.5449977767;4.6638976608;23054434.26;133681356.53;"2023-08-10T23:59:59.999Z"
"2023-08-09T00:00:00.000Z";"2023-08-09T23:59:59.999Z";"2023-08-09T01:58:00.000Z";"2023-08-09T14:26:00.000Z";4.9431880834;5.0789234532;4.6379919864;4.6882240577;31373241.48;134337503.52;"2023-08-09T23:59:59.999Z"
"2023-08-08T00:00:00.000Z";"2023-08-08T23:59:59.999Z";"2023-08-08T04:50:00.000Z";"2023-08-08T23:16:00.000Z";5.8973369919;5.9790610886;4.800295119;4.9461527264;79613250.14;141684875.71;"2023-08-08T23:59:59.999Z"
"2023-08-07T00:00:00.000Z";"2023-08-07T23:59:59.999Z";"2023-08-07T13:29:00.000Z";"2023-08-07T00:01:00.000Z";4.093382846;6.6047277884;4.090842605;5.8979017913;242629937.18;168896551.53;"2023-08-07T23:59:59.999Z"
"2023-08-06T00:00:00.000Z";"2023-08-06T23:59:59.999Z";"2023-08-06T17:18:00.000Z";"2023-08-06T00:13:00.000Z";3.9453516229;4.1257645126;3.9443947947;4.0937954281;8641349.2;117196775.58;"2023-08-06T23:59:59.999Z"
"2023-08-05T00:00:00.000Z";"2023-08-05T23:59:59.999Z";"2023-08-05T23:00:00.000Z";"2023-08-05T01:59:00.000Z";3.8888170566;3.9616046756;3.8360072738;3.9463688501;6980420.89;112938814.41;"2023-08-05T23:59:59.999Z"
"2023-08-04T00:00:00.000Z";"2023-08-04T23:59:59.999Z";"2023-08-04T16:46:00.000Z";"2023-08-04T20:54:00.000Z";3.9181545694;3.9567447996;3.8673242037;3.8881868734;6918080.9;111209443.97;"2023-08-04T23:59:59.999Z"
"2023-08-03T00:00:00.000Z";"2023-08-03T23:59:59.999Z";"2023-08-03T01:46:00.000Z";"2023-08-03T22:51:00.000Z";3.9618874406;3.9954483047;3.8823795418;3.9209054425;7325519.76;112111207.27;"2023-08-03T23:59:59.999Z"
"2023-08-02T00:00:00.000Z";"2023-08-02T23:59:59.999Z";"2023-08-02T01:54:00.000Z";"2023-08-02T17:01:00.000Z";4.0894532277;4.1430392497;3.9033292919;3.9617158181;7324867.05;113243236.27;"2023-08-02T23:59:59.999Z"
"2023-08-01T00:00:00.000Z";"2023-08-01T23:59:59.999Z";"2023-08-01T23:59:00.000Z";"2023-08-01T02:13:00.000Z";4.0119478535;4.0891852546;3.9036852289;4.0891852546;5619264.33;116852336.93;"2023-08-01T23:59:59.999Z"
"2023-07-31T00:00:00.000Z";"2023-07-31T23:59:59.999Z";"2023-07-31T03:25:00.000Z";"2023-07-31T20:07:00.000Z";4.0537149642;4.1242124934;4.0027183627;4.0113230479;4976286.94;114593558.91;"2023-07-31T23:59:59.999Z"
"2023-07-30T00:00:00.000Z";"2023-07-30T23:59:59.999Z";"2023-07-30T04:18:00.000Z";"2023-07-30T20:04:00.000Z";4.2029404309;4.2314385706;3.9499698522;4.0556388378;5419905.07;115825598.94;"2023-07-30T23:59:59.999Z"
"2023-07-29T00:00:00.000Z";"2023-07-29T23:59:59.999Z";"2023-07-29T02:08:00.000Z";"2023-07-29T15:39:00.000Z";4.1936385146;4.231362979;4.0702799159;4.2026105084;5175178.47;119986666.94;"2023-07-29T23:59:59.999Z"
"2023-07-28T00:00:00.000Z";"2023-07-28T23:59:59.999Z";"2023-07-28T17:04:00.000Z";"2023-07-28T08:12:00.000Z";4.2015301758;4.2298449093;4.1538328647;4.1939297122;4764918.43;119702197.64;"2023-07-28T23:59:59.999Z"
"2023-07-27T00:00:00.000Z";"2023-07-27T23:59:59.999Z";"2023-07-27T10:17:00.000Z";"2023-07-27T00:57:00.000Z";4.1221351471;4.2549967403;4.0928732565;4.2014318893;5704759.39;119848334.65;"2023-07-27T23:59:59.999Z"
"2023-07-26T00:00:00.000Z";"2023-07-26T23:59:59.999Z";"2023-07-26T21:28:00.000Z";"2023-07-26T01:40:00.000Z";4.0006488922;4.1501639317;3.9295763086;4.1220628109;6011931.53;117549460.75;"2023-07-26T23:59:59.999Z"
"2023-07-25T00:00:00.000Z";"2023-07-25T23:59:59.999Z";"2023-07-25T03:47:00.000Z";"2023-07-25T11:31:00.000Z";4.004490603;4.0523795357;3.9438075449;4.0006873659;5849246.11;114054448.2;"2023-07-25T23:59:59.999Z"
"2023-07-24T00:00:00.000Z";"2023-07-24T23:59:59.999Z";"2023-07-24T00:01:00.000Z";"2023-07-24T16:22:00.000Z";4.1755014496;4.178674462;4.0024553389;4.0051525222;7251542.47;114148695.74;"2023-07-24T23:59:59.999Z"
"2023-07-23T00:00:00.000Z";"2023-07-23T23:59:59.999Z";"2023-07-23T18:06:00.000Z";"2023-07-23T00:59:00.000Z";4.0305542498;4.2229145906;4.0193532756;4.1748882714;6507826.6;118951171.87;"2023-07-23T23:59:59.999Z"
"2023-07-22T00:00:00.000Z";"2023-07-22T23:59:59.999Z";"2023-07-22T04:37:00.000Z";"2023-07-22T23:35:00.000Z";4.0612069024;4.1216877587;4.0191329513;4.0293568346;5276427.32;114770634.81;"2023-07-22T23:59:59.999Z"
"2023-07-21T00:00:00.000Z";"2023-07-21T23:59:59.999Z";"2023-07-21T18:13:00.000Z";"2023-07-21T00:40:00.000Z";4.0297589095;4.0927951359;4.0055210565;4.0609968582;5367822.03;115637285.56;"2023-07-21T23:59:59.999Z"
"2023-07-20T00:00:00.000Z";"2023-07-20T23:59:59.999Z";"2023-07-20T14:06:00.000Z";"2023-07-20T04:35:00.000Z";3.9968673751;4.0993475113;3.9696636582;4.0295772627;7477674.45;114676103.22;"2023-07-20T23:59:59.999Z"
"2023-07-19T00:00:00.000Z";"2023-07-19T23:59:59.999Z";"2023-07-19T06:01:00.000Z";"2023-07-19T23:15:00.000Z";4.1651960118;4.2336978023;3.9707558615;3.9969341243;8814023.96;113713788.47;"2023-07-19T23:59:59.999Z"
"2023-07-18T00:00:00.000Z";"2023-07-18T23:59:59.999Z";"2023-07-18T01:00:00.000Z";"2023-07-18T23:47:00.000Z";4.4574406286;4.4617765145;4.1552772057;4.1654184942;3851932.82;118472444.82;"2023-07-18T23:59:59.999Z"
"2023-07-17T00:00:00.000Z";"2023-07-17T23:59:59.999Z";"2023-07-17T05:19:00.000Z";"2023-07-17T18:52:00.000Z";4.4540952724;4.5251805263;4.361913488;4.4575710692;3619431.23;126743877.65;"2023-07-17T23:59:59.999Z"
"2023-07-16T00:00:00.000Z";"2023-07-16T23:59:59.999Z";"2023-07-16T00:16:00.000Z";"2023-07-16T23:38:00.000Z";4.6375778728;4.6486109649;4.4473778735;4.4502385232;4034728.12;126498420.11;"2023-07-16T23:59:59.999Z"
"2023-07-15T00:00:00.000Z";"2023-07-15T23:59:59.999Z";"2023-07-15T10:07:00.000Z";"2023-07-15T16:37:00.000Z";4.6614565491;4.7258949509;4.6125720181;4.6374606289;5008701.64;131781651.42;"2023-07-15T23:59:59.999Z"
"2023-07-14T00:00:00.000Z";"2023-07-14T23:59:59.999Z";"2023-07-14T16:29:00.000Z";"2023-07-14T19:07:00.000Z";4.7884831224;4.8765242607;4.513913825;4.6613851936;5687556.18;132422821.41;"2023-07-14T23:59:59.999Z"
"2023-07-13T00:00:00.000Z";"2023-07-13T23:59:59.999Z";"2023-07-13T20:09:00.000Z";"2023-07-13T03:48:00.000Z";4.3065222114;4.8289759607;4.2527667225;4.7891973851;5179599.12;136014864.32;"2023-07-13T23:59:59.999Z"
"2023-07-12T00:00:00.000Z";"2023-07-12T23:59:59.999Z";"2023-07-12T07:49:00.000Z";"2023-07-12T20:06:00.000Z";4.3456695875;4.4112564482;4.2488661676;4.3064350693;3088074.98;122267961.06;"2023-07-12T23:59:59.999Z"
"2023-07-11T00:00:00.000Z";"2023-07-11T23:59:59.999Z";"2023-07-11T07:09:00.000Z";"2023-07-11T14:22:00.000Z";4.3451272413;4.3694474537;4.2915261059;4.3456886671;2924015.33;123346229.91;"2023-07-11T23:59:59.999Z"
"2023-07-10T00:00:00.000Z";"2023-07-10T23:59:59.999Z";"2023-07-10T21:46:00.000Z";"2023-07-10T08:38:00.000Z";4.2893896793;4.4008580464;4.1889122782;4.3444262889;3912845.12;123240219;"2023-07-10T23:59:59.999Z"
"2023-07-09T00:00:00.000Z";"2023-07-09T23:59:59.999Z";"2023-07-09T13:15:00.000Z";"2023-07-09T23:39:00.000Z";4.333399286;4.3738908019;4.286699387;4.2896650307;2475986.24;121651604.57;"2023-07-09T23:59:59.999Z"
"2023-07-08T00:00:00.000Z";"2023-07-08T23:59:59.999Z";"2023-07-08T01:36:00.000Z";"2023-07-08T21:18:00.000Z";4.4352805113;4.4558598547;4.282550208;4.3314865727;3175275.1;122802175.97;"2023-07-08T23:59:59.999Z"
"2023-07-07T00:00:00.000Z";"2023-07-07T23:59:59.999Z";"2023-07-07T14:59:00.000Z";"2023-07-07T19:10:00.000Z";4.4507425021;4.4669373559;4.3823644846;4.4354691622;3246419.96;125713963.93;"2023-07-07T23:59:59.999Z"
"2023-07-06T00:00:00.000Z";"2023-07-06T23:59:59.999Z";"2023-07-06T09:40:00.000Z";"2023-07-06T14:41:00.000Z";4.6036142275;4.7927875341;4.435996943;4.4505763259;4313440.89;126105867.33;"2023-07-06T23:59:59.999Z"
"2023-07-05T00:00:00.000Z";"2023-07-05T23:59:59.999Z";"2023-07-05T08:04:00.000Z";"2023-07-05T20:07:00.000Z";4.6910619495;4.8125651117;4.5424807161;4.6034338921;4921648.21;130399599.45;"2023-07-05T23:59:59.999Z"
"2023-07-04T00:00:00.000Z";"2023-07-04T23:59:59.999Z";"2023-07-04T00:04:00.000Z";"2023-07-04T19:29:00.000Z";4.8013973777;4.8043181282;4.6451166021;4.6904094502;4344129.03;132826339.5;"2023-07-04T23:59:59.999Z"
"2023-07-03T00:00:00.000Z";"2023-07-03T23:59:59.999Z";"2023-07-03T14:43:00.000Z";"2023-07-03T00:00:00.000Z";4.7478970613;5.002925888;4.7478970613;4.8018513045;7327265.59;135944731.78;"2023-07-03T23:59:59.999Z"
"2023-07-02T00:00:00.000Z";"2023-07-02T23:59:59.999Z";"2023-07-02T22:39:00.000Z";"2023-07-02T04:09:00.000Z";4.7292921779;4.7588072931;4.6067680484;4.7474977219;5219838.78;134366182.3;"2023-07-02T23:59:59.999Z"
"2023-07-01T00:00:00.000Z";"2023-07-01T23:59:59.999Z";"2023-07-01T00:46:00.000Z";"2023-07-01T04:35:00.000Z";4.794112589;4.8643118391;4.6138177425;4.7292536979;7262585.77;133775608.73;"2023-07-01T23:59:59.999Z"
"2023-06-30T00:00:00.000Z";"2023-06-30T23:59:59.999Z";"2023-06-30T17:34:00.000Z";"2023-06-30T02:02:00.000Z";4.1504477595;5.0041100381;4.0689114597;4.7924138179;29430433.37;135523704.62;"2023-06-30T23:59:59.999Z"
"2023-06-29T00:00:00.000Z";"2023-06-29T23:59:59.999Z";"2023-06-29T13:20:00.000Z";"2023-06-29T06:24:00.000Z";4.163528326;4.2249812144;4.1276122168;4.1520299294;4223623.27;117381121.42;"2023-06-29T23:59:59.999Z"
"2023-06-28T00:00:00.000Z";"2023-06-28T23:59:59.999Z";"2023-06-28T00:03:00.000Z";"2023-06-28T19:43:00.000Z";4.4569394097;4.4595224276;4.1061790179;4.1638995058;5257624.85;117684934.83;"2023-06-28T23:59:59.999Z"
"2023-06-27T00:00:00.000Z";"2023-06-27T23:59:59.999Z";"2023-06-27T01:50:00.000Z";"2023-06-27T00:15:00.000Z";4.2956161415;4.4912612793;4.2836292653;4.4578561015;5731206.45;125958504.81;"2023-06-27T23:59:59.999Z"
"2023-06-26T00:00:00.000Z";"2023-06-26T23:59:59.999Z";"2023-06-26T14:01:00.000Z";"2023-06-26T22:07:00.000Z";4.4250140774;4.4732605594;4.2586446797;4.2956495486;4593918.61;121341971.9;"2023-06-26T23:59:59.999Z"
"2023-06-25T00:00:00.000Z";"2023-06-25T23:59:59.999Z";"2023-06-25T08:36:00.000Z";"2023-06-25T00:47:00.000Z";4.3069421026;4.4993609318;4.3033453751;4.4252719476;4511178.4;124969321.96;"2023-06-25T23:59:59.999Z"
"2023-06-24T00:00:00.000Z";"2023-06-24T23:59:59.999Z";"2023-06-24T06:01:00.000Z";"2023-06-24T16:05:00.000Z";4.2875167385;4.3492687534;4.1757675238;4.3071271978;4530956.73;121599178.73;"2023-06-24T23:59:59.999Z"
"2023-06-23T00:00:00.000Z";"2023-06-23T23:59:59.999Z";"2023-06-23T16:16:00.000Z";"2023-06-23T14:04:00.000Z";4.3668206369;4.3902034715;4.1454399731;4.2871828165;7405458.94;120970545.13;"2023-06-23T23:59:59.999Z"
"2023-06-22T00:00:00.000Z";"2023-06-22T23:59:59.999Z";"2023-06-22T03:00:00.000Z";"2023-06-22T14:46:00.000Z";4.3667395393;4.4876380882;4.3069934211;4.3659774209;5200061.18;123160349.01;"2023-06-22T23:59:59.999Z"
"2023-06-21T00:00:00.000Z";"2023-06-21T23:59:59.999Z";"2023-06-21T23:23:00.000Z";"2023-06-21T00:11:00.000Z";4.1448685184;4.3773397634;4.1425938985;4.3667829491;4747534.14;123149608.53;"2023-06-21T23:59:59.999Z"
"2023-06-20T00:00:00.000Z";"2023-06-20T23:59:59.999Z";"2023-06-20T23:56:00.000Z";"2023-06-20T14:31:00.000Z";3.9391795213;4.1470906325;3.8862101006;4.1446776198;3664365.28;116853356.5;"2023-06-20T23:59:59.999Z"
"2023-06-19T00:00:00.000Z";"2023-06-19T23:59:59.999Z";"2023-06-19T13:30:00.000Z";"2023-06-19T00:58:00.000Z";3.8766449592;3.9678640929;3.8606925809;3.9392813957;3146757.56;111031615.06;"2023-06-19T23:59:59.999Z"
"2023-06-18T00:00:00.000Z";"2023-06-18T23:59:59.999Z";"2023-06-18T07:40:00.000Z";"2023-06-18T23:52:00.000Z";3.9667466032;3.9803762807;3.8747502797;3.8765101707;2852897.64;109232038.48;"2023-06-18T23:59:59.999Z"
"2023-06-17T00:00:00.000Z";"2023-06-17T23:59:59.999Z";"2023-06-17T06:42:00.000Z";"2023-06-17T01:14:00.000Z";3.8878938879;4.0378891764;3.8639751916;3.967484535;3327910.24;111764544.89;"2023-06-17T23:59:59.999Z"
"2023-06-16T00:00:00.000Z";"2023-06-16T23:59:59.999Z";"2023-06-16T18:17:00.000Z";"2023-06-16T14:52:00.000Z";3.8784242629;3.9526658361;3.8111132447;3.8870657923;3496947.18;109468829.26;"2023-06-16T23:59:59.999Z"
"2023-06-15T00:00:00.000Z";"2023-06-15T23:59:59.999Z";"2023-06-15T21:34:00.000Z";"2023-06-15T11:28:00.000Z";3.7923130132;3.8991518647;3.7532197071;3.8786993835;4249306.28;109202676.43;"2023-06-15T23:59:59.999Z"
"2023-06-14T00:00:00.000Z";"2023-06-14T23:59:59.999Z";"2023-06-14T19:13:00.000Z";"2023-06-14T21:01:00.000Z";3.8757086214;3.950361956;3.6812235585;3.792267608;4455325.27;106710908.77;"2023-06-14T23:59:59.999Z"
"2023-06-13T00:00:00.000Z";"2023-06-13T23:59:59.999Z";"2023-06-13T12:34:00.000Z";"2023-06-13T01:09:00.000Z";3.8172384585;3.9267102368;3.7987531069;3.8757086214;4592901.84;109028922.77;"2023-06-13T23:59:59.999Z"
"2023-06-12T00:00:00.000Z";"2023-06-12T23:59:59.999Z";"2023-06-12T22:19:00.000Z";"2023-06-12T02:53:00.000Z";3.7462527921;3.8348259723;3.6542478827;3.817135871;4941206.54;107351751.55;"2023-06-12T23:59:59.999Z"
"2023-06-11T00:00:00.000Z";"2023-06-11T23:59:59.999Z";"2023-06-11T20:16:00.000Z";"2023-06-11T04:37:00.000Z";3.7632147533;3.8458561925;3.6956172373;3.7461043027;5195211.74;105325257.76;"2023-06-11T23:59:59.999Z"
"2023-06-10T00:00:00.000Z";"2023-06-10T23:59:59.999Z";"2023-06-10T00:05:00.000Z";"2023-06-10T04:29:00.000Z";4.6163671374;4.6207447649;3.3330429819;3.7647814641;11503374.7;105821618.27;"2023-06-10T23:59:59.999Z"
"2023-06-09T00:00:00.000Z";"2023-06-09T23:59:59.999Z";"2023-06-09T13:25:00.000Z";"2023-06-09T03:10:00.000Z";4.6958494954;4.7300063733;4.5851536059;4.6163978519;4907965.79;129723741.38;"2023-06-09T23:59:59.999Z"
"2023-06-08T00:00:00.000Z";"2023-06-08T23:59:59.999Z";"2023-06-08T16:02:00.000Z";"2023-06-08T06:14:00.000Z";4.7600732218;4.8306278209;4.6537530488;4.6955812037;7641005.4;131912945.01;"2023-06-08T23:59:59.999Z"
"2023-06-07T00:00:00.000Z";"2023-06-07T23:59:59.999Z";"2023-06-07T13:44:00.000Z";"2023-06-07T22:52:00.000Z";5.224735729;5.527581039;4.6862900708;4.7589908636;30718046.64;133657963.32;"2023-06-07T23:59:59.999Z"
"2023-06-06T00:00:00.000Z";"2023-06-06T23:59:59.999Z";"2023-06-06T23:47:00.000Z";"2023-06-06T12:16:00.000Z";4.5649129433;5.3202982935;4.4903571673;5.2217701911;10540745.77;146614608.2;"2023-06-06T23:59:59.999Z"
"2023-06-05T00:00:00.000Z";"2023-06-05T23:59:59.999Z";"2023-06-05T00:00:00.000Z";"2023-06-05T16:07:00.000Z";5.1140545123;5.1140545123;4.4257876886;4.5638005096;6430965.63;128071955.27;"2023-06-05T23:59:59.999Z"
"2023-06-04T00:00:00.000Z";"2023-06-04T23:59:59.999Z";"2023-06-04T03:27:00.000Z";"2023-06-04T23:58:00.000Z";5.2192161292;5.253240103;5.1152431128;5.115826922;3083493.28;143524517.43;"2023-06-04T23:59:59.999Z"
"2023-06-03T00:00:00.000Z";"2023-06-03T23:59:59.999Z";"2023-06-03T11:36:00.000Z";"2023-06-03T01:50:00.000Z";5.21905831;5.2993620989;5.1852615031;5.2193874461;3606809.27;146390498.31;"2023-06-03T23:59:59.999Z"
"2023-06-02T00:00:00.000Z";"2023-06-02T23:59:59.999Z";"2023-06-02T20:29:00.000Z";"2023-06-02T00:43:00.000Z";5.0414104956;5.2481001526;4.9815486478;5.2195645346;3860123.69;146356138.06;"2023-06-02T23:59:59.999Z"
"2023-06-01T00:00:00.000Z";"2023-06-01T23:59:59.999Z";"2023-06-01T17:03:00.000Z";"2023-06-01T03:07:00.000Z";4.9597601319;5.120227367;4.8976583314;5.0398212392;4389482.71;141280747.38;"2023-06-01T23:59:59.999Z"
"2023-05-31T00:00:00.000Z";"2023-05-31T23:59:59.999Z";"2023-05-31T01:04:00.000Z";"2023-05-31T16:10:00.000Z";5.0772855695;5.0904739447;4.856608388;4.9595501618;3790715.46;138993283.54;"2023-05-31T23:59:59.999Z"
"2023-05-30T00:00:00.000Z";"2023-05-30T23:59:59.999Z";"2023-05-30T12:18:00.000Z";"2023-05-30T00:45:00.000Z";5.0530427601;5.1097334586;5.0095246922;5.0775330141;4039034.71;142261500.47;"2023-05-30T23:59:59.999Z"
"2023-05-29T00:00:00.000Z";"2023-05-29T23:59:59.999Z";"2023-05-29T00:03:00.000Z";"2023-05-29T04:25:00.000Z";5.1174208023;5.1258610403;4.998115821;5.0528696461;5543903.73;141532150.46;"2023-05-29T23:59:59.999Z"
"2023-05-28T00:00:00.000Z";"2023-05-28T23:59:59.999Z";"2023-05-28T22:26:00.000Z";"2023-05-28T00:31:00.000Z";4.835261249;5.2643256189;4.79915148;5.1246326976;8232558.43;143466837.79;"2023-05-28T23:59:59.999Z"
"2023-05-27T00:00:00.000Z";"2023-05-27T23:59:59.999Z";"2023-05-27T15:53:00.000Z";"2023-05-27T21:31:00.000Z";4.9189436225;4.9450327588;4.823310417;4.8357631589;4981049.54;135343944.8;"2023-05-27T23:59:59.999Z"
"2023-05-26T00:00:00.000Z";"2023-05-26T23:59:59.999Z";"2023-05-26T13:40:00.000Z";"2023-05-26T23:08:00.000Z";5.0488928598;5.095379021;4.9109015422;4.9194683868;4695717.69;137650259.02;"2023-05-26T23:59:59.999Z"
"2023-05-25T00:00:00.000Z";"2023-05-25T23:59:59.999Z";"2023-05-25T04:15:00.000Z";"2023-05-25T11:44:00.000Z";5.1240508283;5.155917077;5.0332031217;5.0502389065;4055031.93;141271985.75;"2023-05-25T23:59:59.999Z"
"2023-05-24T00:00:00.000Z";"2023-05-24T23:59:59.999Z";"2023-05-24T09:26:00.000Z";"2023-05-24T17:13:00.000Z";5.1342392435;5.2107159427;4.974525008;5.1242011887;5913310.45;143303337.94;"2023-05-24T23:59:59.999Z"
"2023-05-23T00:00:00.000Z";"2023-05-23T23:59:59.999Z";"2023-05-23T15:58:00.000Z";"2023-05-23T00:58:00.000Z";4.913248704;5.1759806233;4.8912760562;5.134254033;4319733.55;143546685.85;"2023-05-23T23:59:59.999Z"
"2023-05-22T00:00:00.000Z";"2023-05-22T23:59:59.999Z";"2023-05-22T21:50:00.000Z";"2023-05-22T02:01:00.000Z";4.8050331859;4.9141195487;4.7090768377;4.9126465299;3534834.88;137314764.09;"2023-05-22T23:59:59.999Z"
"2023-05-21T00:00:00.000Z";"2023-05-21T23:59:59.999Z";"2023-05-21T01:01:00.000Z";"2023-05-21T21:35:00.000Z";5.0374330766;5.0397655028;4.7731255481;4.8054616248;3409885.56;134283294.38;"2023-05-21T23:59:59.999Z"
"2023-05-20T00:00:00.000Z";"2023-05-20T23:59:59.999Z";"2023-05-20T09:20:00.000Z";"2023-05-20T00:57:00.000Z";5.0361820488;5.1157043414;4.9790612729;5.0367541391;4309255.98;140709513.9;"2023-05-20T23:59:59.999Z"
"2023-05-19T00:00:00.000Z";"2023-05-19T23:59:59.999Z";"2023-05-19T15:25:00.000Z";"2023-05-19T02:45:00.000Z";4.9834055247;5.0773992962;4.9482918163;5.0367471055;4752446.9;140636377.27;"2023-05-19T23:59:59.999Z"
"2023-05-18T00:00:00.000Z";"2023-05-18T23:59:59.999Z";"2023-05-18T00:02:00.000Z";"2023-05-18T18:01:00.000Z";5.0069206231;5.0078916685;4.7972429549;4.9827126816;4824030.9;139091424.72;"2023-05-18T23:59:59.999Z"
"2023-05-17T00:00:00.000Z";"2023-05-17T23:59:59.999Z";"2023-05-17T23:37:00.000Z";"2023-05-17T00:34:00.000Z";4.6835212427;5.0128201489;4.6599282981;5.0067097272;4876566.34;139725008.12;"2023-05-17T23:59:59.999Z"
"2023-05-16T00:00:00.000Z";"2023-05-16T23:59:59.999Z";"2023-05-16T07:52:00.000Z";"2023-05-16T01:40:00.000Z";4.6665547894;4.7079581483;4.5832378817;4.6838406792;3383083.08;130680636.58;"2023-05-16T23:59:59.999Z"
"2023-05-15T00:00:00.000Z";"2023-05-15T23:59:59.999Z";"2023-05-15T10:16:00.000Z";"2023-05-15T01:04:00.000Z";4.4768909104;4.7345613621;4.4090627443;4.666736687;4589444.07;130170437.29;"2023-05-15T23:59:59.999Z"
"2023-05-14T00:00:00.000Z";"2023-05-14T23:59:59.999Z";"2023-05-14T00:01:00.000Z";"2023-05-14T23:13:00.000Z";4.6916288;4.6932210783;4.4612044625;4.4768825422;4983966.68;124842976.9;"2023-05-14T23:59:59.999Z"
"2023-05-13T00:00:00.000Z";"2023-05-13T23:59:59.999Z";"2023-05-13T00:02:00.000Z";"2023-05-13T19:50:00.000Z";4.8298351607;4.8313453192;4.6761447978;4.6911853931;2878678.76;130785019.17;"2023-05-13T23:59:59.999Z"
"2023-05-12T00:00:00.000Z";"2023-05-12T23:59:59.999Z";"2023-05-12T23:59:00.000Z";"2023-05-12T06:26:00.000Z";4.7300570349;4.8301245303;4.581261779;4.8301245303;3756694.1;134624552.32;"2023-05-12T23:59:59.999Z"
"2023-05-11T00:00:00.000Z";"2023-05-11T23:59:59.999Z";"2023-05-11T00:01:00.000Z";"2023-05-11T18:22:00.000Z";4.9155446874;4.9174966234;4.6184624393;4.7309160848;4043903.51;131825735.25;"2023-05-11T23:59:59.999Z"
"2023-05-10T00:00:00.000Z";"2023-05-10T23:59:59.999Z";"2023-05-10T20:49:00.000Z";"2023-05-10T04:02:00.000Z";4.8231696861;4.9669329458;4.7104834365;4.9176629763;5667177.43;136959943.81;"2023-05-10T23:59:59.999Z"
"2023-05-09T00:00:00.000Z";"2023-05-09T23:59:59.999Z";"2023-05-09T23:49:00.000Z";"2023-05-09T02:38:00.000Z";4.6463297029;4.8250917807;4.6352684195;4.8222740313;4445650.26;134269208.36;"2023-05-09T23:59:59.999Z"
"2023-05-08T00:00:00.000Z";"2023-05-08T23:59:59.999Z";"2023-05-08T00:21:00.000Z";"2023-05-08T20:01:00.000Z";5.1662051223;5.1951665252;4.6060634148;4.6464673138;6864771.13;129341179.73;"2023-05-08T23:59:59.999Z"
"2023-05-07T00:00:00.000Z";"2023-05-07T23:59:59.999Z";"2023-05-07T01:32:00.000Z";"2023-05-07T16:36:00.000Z";5.2713973101;5.2964816;5.1553429434;5.1682591604;4488176.57;143829444.54;"2023-05-07T23:59:59.999Z"
"2023-05-06T00:00:00.000Z";"2023-05-06T23:59:59.999Z";"2023-05-06T00:45:00.000Z";"2023-05-06T21:46:00.000Z";5.5754945345;5.6012708258;5.2403568842;5.2719258189;5695077.25;146677207.66;"2023-05-06T23:59:59.999Z"
"2023-05-05T00:00:00.000Z";"2023-05-05T23:59:59.999Z";"2023-05-05T23:07:00.000Z";"2023-05-05T12:35:00.000Z";5.490915686;5.5906041635;5.4254271373;5.5747254843;4748799.67;155062539.79;"2023-05-05T23:59:59.999Z"
"2023-05-04T00:00:00.000Z";"2023-05-04T23:59:59.999Z";"2023-05-04T00:04:00.000Z";"2023-05-04T16:08:00.000Z";5.5285958689;5.543099264;5.4086309837;5.4902038701;4355956.26;152672965.03;"2023-05-04T23:59:59.999Z"
"2023-05-03T00:00:00.000Z";"2023-05-03T23:59:59.999Z";"2023-05-03T23:02:00.000Z";"2023-05-03T15:08:00.000Z";5.4152462467;5.5646918732;5.2665209896;5.5284070654;4548950.66;153696310.43;"2023-05-03T23:59:59.999Z"
"2023-05-02T00:00:00.000Z";"2023-05-02T23:59:59.999Z";"2023-05-02T23:18:00.000Z";"2023-05-02T02:14:00.000Z";5.3077211968;5.4344847779;5.278576773;5.4151919207;3586536.01;150510583.34;"2023-05-02T23:59:59.999Z"
"2023-05-01T00:00:00.000Z";"2023-05-01T23:59:59.999Z";"2023-05-01T00:54:00.000Z";"2023-05-01T19:21:00.000Z";5.5304469201;5.5493570437;5.253541659;5.3080807287;4070308.85;147460059.86;"2023-05-01T23:59:59.999Z"
"2023-04-30T00:00:00.000Z";"2023-04-30T23:59:59.999Z";"2023-04-30T00:07:00.000Z";"2023-04-30T20:26:00.000Z";5.6696400185;5.6817171605;5.5023050367;5.5301209149;3879767.13;153589972.91;"2023-04-30T23:59:59.999Z"
"2023-04-29T00:00:00.000Z";"2023-04-29T23:59:59.999Z";"2023-04-29T14:48:00.000Z";"2023-04-29T01:18:00.000Z";5.6039857909;5.714456245;5.5574667266;5.6695660245;3638494.35;157423700.38;"2023-04-29T23:59:59.999Z"
"2023-04-28T00:00:00.000Z";"2023-04-28T23:59:59.999Z";"2023-04-28T00:11:00.000Z";"2023-04-28T18:43:00.000Z";5.7345207774;5.7460681885;5.5617730665;5.6043460036;4327659.65;155574833.52;"2023-04-28T23:59:59.999Z"
"2023-04-27T00:00:00.000Z";"2023-04-27T23:59:59.999Z";"2023-04-27T19:02:00.000Z";"2023-04-27T12:40:00.000Z";5.5947592084;5.8082092733;5.5390023;5.735719398;6107591.49;159182124.67;"2023-04-27T23:59:59.999Z"
"2023-04-26T00:00:00.000Z";"2023-04-26T23:59:59.999Z";"2023-04-26T15:14:00.000Z";"2023-04-26T20:04:00.000Z";5.6882547349;5.9953925834;5.3723335598;5.5906076841;6754586.63;155116120.35;"2023-04-26T23:59:59.999Z"
"2023-04-25T00:00:00.000Z";"2023-04-25T23:59:59.999Z";"2023-04-25T22:04:00.000Z";"2023-04-25T17:28:00.000Z";5.6617029581;5.7136591584;5.3840059628;5.6881993196;7725842.89;157785063.3;"2023-04-25T23:59:59.999Z"
"2023-04-24T00:00:00.000Z";"2023-04-24T23:59:59.999Z";"2023-04-24T01:22:00.000Z";"2023-04-24T08:52:00.000Z";5.6453883332;5.75467892;5.5541288704;5.6633051685;7756573.5;157054951.74;"2023-04-24T23:59:59.999Z"
"2023-04-23T00:00:00.000Z";"2023-04-23T23:59:59.999Z";"2023-04-23T08:01:00.000Z";"2023-04-23T19:04:00.000Z";5.7305207451;5.7532209195;5.5034466167;5.6453468165;6772056.86;156517903.51;"2023-04-23T23:59:59.999Z"
"2023-04-22T00:00:00.000Z";"2023-04-22T23:59:59.999Z";"2023-04-22T23:57:00.000Z";"2023-04-22T08:58:00.000Z";5.5372678805;5.7347188931;5.4736579889;5.7303538878;6915466.56;158797805.62;"2023-04-22T23:59:59.999Z"
"2023-04-21T00:00:00.000Z";"2023-04-21T23:59:59.999Z";"2023-04-21T04:33:00.000Z";"2023-04-21T21:06:00.000Z";5.8378629307;5.9477271003;5.5017196785;5.5375437435;9333509.89;153417098.32;"2023-04-21T23:59:59.999Z"
"2023-04-20T00:00:00.000Z";"2023-04-20T23:59:59.999Z";"2023-04-20T02:09:00.000Z";"2023-04-20T18:32:00.000Z";5.9244715157;6.0018620291;5.7270784444;5.8375674885;9161194.83;161689660.48;"2023-04-20T23:59:59.999Z"
"2023-04-19T00:00:00.000Z";"2023-04-19T23:59:59.999Z";"2023-04-19T02:33:00.000Z";"2023-04-19T23:28:00.000Z";6.5876850247;6.6071898205;5.8749708455;5.9268236163;13276833.79;164121815.33;"2023-04-19T23:59:59.999Z"
"2023-04-18T00:00:00.000Z";"2023-04-18T23:59:59.999Z";"2023-04-18T11:53:00.000Z";"2023-04-18T01:17:00.000Z";6.4718566541;6.6009664536;6.3722974326;6.5888411711;7764157.14;182409536.38;"2023-04-18T23:59:59.999Z"
"2023-04-17T00:00:00.000Z";"2023-04-17T23:59:59.999Z";"2023-04-17T00:09:00.000Z";"2023-04-17T15:41:00.000Z";6.6939461436;6.7194125142;6.3488519219;6.4685864003;9830104.88;179036786.76;"2023-04-17T23:59:59.999Z"
"2023-04-16T00:00:00.000Z";"2023-04-16T23:59:59.999Z";"2023-04-16T07:43:00.000Z";"2023-04-16T01:17:00.000Z";6.5497461358;6.7366990088;6.4437468987;6.6932094754;9794025.29;185207530.6;"2023-04-16T23:59:59.999Z"
"2023-04-15T00:00:00.000Z";"2023-04-15T23:59:59.999Z";"2023-04-15T17:16:00.000Z";"2023-04-15T04:30:00.000Z";6.5500999882;6.5693260194;6.4287329749;6.5500434975;9013316.74;181203761.58;"2023-04-15T23:59:59.999Z"
"2023-04-14T00:00:00.000Z";"2023-04-14T23:59:59.999Z";"2023-04-14T02:15:00.000Z";"2023-04-14T16:52:00.000Z";6.422437724;6.6346996609;6.3012141054;6.5492160116;18616798.45;181135600.09;"2023-04-14T23:59:59.999Z"
"2023-04-13T00:00:00.000Z";"2023-04-13T23:59:59.999Z";"2023-04-13T18:35:00.000Z";"2023-04-13T07:10:00.000Z";6.4784617634;6.543757213;6.2447687873;6.4215233561;18584135.9;177519901.71;"2023-04-13T23:59:59.999Z"
"2023-04-12T00:00:00.000Z";"2023-04-12T23:59:59.999Z";"2023-04-12T00:15:00.000Z";"2023-04-12T19:31:00.000Z";6.8248927229;6.8438508348;6.4181741838;6.4806665847;17809593.35;179111868.06;"2023-04-12T23:59:59.999Z"
"2023-04-11T00:00:00.000Z";"2023-04-11T23:59:59.999Z";"2023-04-11T00:02:00.000Z";"2023-04-11T22:40:00.000Z";7.2710288937;7.2752292498;6.7946283063;6.8245965893;14071502.88;188572224.81;"2023-04-11T23:59:59.999Z"
"2023-04-10T00:00:00.000Z";"2023-04-10T23:59:59.999Z";"2023-04-10T23:14:00.000Z";"2023-04-10T14:03:00.000Z";7.1108589675;7.3023433731;6.9839715304;7.2711905427;9112949.91;200864133.43;"2023-04-10T23:59:59.999Z"
"2023-04-09T00:00:00.000Z";"2023-04-09T23:59:59.999Z";"2023-04-09T22:08:00.000Z";"2023-04-09T08:52:00.000Z";6.9892488565;7.1672955131;6.8572482476;7.1106754922;7776951.09;196383084.09;"2023-04-09T23:59:59.999Z"
"2023-04-08T00:00:00.000Z";"2023-04-08T23:59:59.999Z";"2023-04-08T08:33:00.000Z";"2023-04-08T01:24:00.000Z";6.9752287264;7.0731546408;6.8553720338;6.9897045833;7359003.19;192996112.72;"2023-04-08T23:59:59.999Z"
"2023-04-07T00:00:00.000Z";"2023-04-07T23:59:59.999Z";"2023-04-07T01:15:00.000Z";"2023-04-07T09:04:00.000Z";7.0160645089;7.082253498;6.8702448675;6.9739662968;7793281.85;192515515.84;"2023-04-07T23:59:59.999Z"
"2023-04-06T00:00:00.000Z";"2023-04-06T23:59:59.999Z";"2023-04-06T00:02:00.000Z";"2023-04-06T10:52:00.000Z";7.1284850468;7.1286242065;6.8380731465;7.0157413366;5844930.83;193623094.35;"2023-04-06T23:59:59.999Z"
"2023-04-05T00:00:00.000Z";"2023-04-05T23:59:59.999Z";"2023-04-05T04:49:00.000Z";"2023-04-05T00:22:00.000Z";7.0298335042;7.2808024979;6.9937490357;7.1295144316;6017841.38;196716505.95;"2023-04-05T23:59:59.999Z"
"2023-04-04T00:00:00.000Z";"2023-04-04T23:59:59.999Z";"2023-04-04T20:58:00.000Z";"2023-04-04T01:16:00.000Z";6.9680707581;7.0839097026;6.9010558713;7.0327584092;6228034.55;193999379.47;"2023-04-04T23:59:59.999Z"
"2023-04-03T00:00:00.000Z";"2023-04-03T23:59:59.999Z";"2023-04-03T19:36:00.000Z";"2023-04-03T06:26:00.000Z";6.8975703397;7.0408588158;6.6294388586;6.9708666519;7645099.63;192208925.82;"2023-04-03T23:59:59.999Z"
"2023-04-02T00:00:00.000Z";"2023-04-02T23:59:59.999Z";"2023-04-02T09:42:00.000Z";"2023-04-02T20:14:00.000Z";7.0191523281;7.11275173;6.7691487159;6.8980901177;6601604.71;190159501.24;"2023-04-02T23:59:59.999Z"
"2023-04-01T00:00:00.000Z";"2023-04-01T23:59:59.999Z";"2023-04-01T06:01:00.000Z";"2023-04-01T21:55:00.000Z";6.9936050432;7.2834192139;6.978682367;7.019368737;7558602.11;193459415.88;"2023-04-01T23:59:59.999Z"
"2023-03-31T00:00:00.000Z";"2023-03-31T23:59:59.999Z";"2023-03-31T23:31:00.000Z";"2023-03-31T07:25:00.000Z";6.8186341734;7.0488151414;6.7211116105;6.9942520823;7379195.2;192722208.34;"2023-03-31T23:59:59.999Z"
"2023-03-30T00:00:00.000Z";"2023-03-30T23:59:59.999Z";"2023-03-30T02:41:00.000Z";"2023-03-30T18:25:00.000Z";6.9421020376;7.0383013546;6.7477576539;6.8174603668;8175394.89;187808687.51;"2023-03-30T23:59:59.999Z"
"2023-03-29T00:00:00.000Z";"2023-03-29T23:59:59.999Z";"2023-03-29T06:46:00.000Z";"2023-03-29T00:55:00.000Z";6.7225864861;7.0803335121;6.7132295243;6.941904376;10095615.69;191196362.61;"2023-03-29T23:59:59.999Z"
"2023-03-28T00:00:00.000Z";"2023-03-28T23:59:59.999Z";"2023-03-28T23:52:00.000Z";"2023-03-28T08:32:00.000Z";6.4098045138;6.7402207742;6.2143356103;6.7258787517;8222062.5;185205346.38;"2023-03-28T23:59:59.999Z"
"2023-03-27T00:00:00.000Z";"2023-03-27T23:59:59.999Z";"2023-03-27T00:44:00.000Z";"2023-03-27T20:10:00.000Z";7.0623802722;7.1100929727;6.3184897202;6.4127561924;11127921.86;176543975.62;"2023-03-27T23:59:59.999Z"
"2023-03-26T00:00:00.000Z";"2023-03-26T23:59:59.999Z";"2023-03-26T08:46:00.000Z";"2023-03-26T16:22:00.000Z";6.8378152516;7.1750582172;6.7610886311;7.0622368509;12400529.12;194379048.81;"2023-03-26T23:59:59.999Z"
"2023-03-25T00:00:00.000Z";"2023-03-25T23:59:59.999Z";"2023-03-25T18:31:00.000Z";"2023-03-25T09:41:00.000Z";6.8377634461;6.8739075872;6.6056587334;6.8373667341;9433249.26;188108880.51;"2023-03-25T23:59:59.999Z"
"2023-03-24T00:00:00.000Z";"2023-03-24T23:59:59.999Z";"2023-03-24T00:00:00.000Z";"2023-03-24T17:57:00.000Z";7.3288069779;7.3288069779;6.689287331;6.84071201;15268913.68;188159340.89;"2023-03-24T23:59:59.999Z"
"2023-03-23T00:00:00.000Z";"2023-03-23T23:59:59.999Z";"2023-03-23T23:46:00.000Z";"2023-03-23T01:22:00.000Z";6.1364239667;7.3520334484;6.0958138514;7.3281279831;29359963.57;201522385.19;"2023-03-23T23:59:59.999Z"
"2023-03-22T00:00:00.000Z";"2023-03-22T23:59:59.999Z";"2023-03-22T07:11:00.000Z";"2023-03-22T20:37:00.000Z";6.6095172383;6.6418726619;6.0208571407;6.1339058931;11397037.6;168646147.25;"2023-03-22T23:59:59.999Z"
"2023-03-21T00:00:00.000Z";"2023-03-21T23:59:59.999Z";"2023-03-21T13:10:00.000Z";"2023-03-21T08:26:00.000Z";6.2956501672;6.6777623472;6.1389395225;6.6109540982;16073962.59;181722442.19;"2023-03-21T23:59:59.999Z"
"2023-03-20T00:00:00.000Z";"2023-03-20T23:59:59.999Z";"2023-03-20T09:52:00.000Z";"2023-03-20T19:26:00.000Z";6.3689054079;6.5900530076;6.1491499844;6.2990358387;17600885.44;173109031.59;"2023-03-20T23:59:59.999Z"
"2023-03-19T00:00:00.000Z";"2023-03-19T23:59:59.999Z";"2023-03-19T19:30:00.000Z";"2023-03-19T07:13:00.000Z";6.1216252127;6.511588851;6.102525474;6.3671188425;9906640.31;174942034.05;"2023-03-19T23:59:59.999Z"
"2023-03-18T00:00:00.000Z";"2023-03-18T23:59:59.999Z";"2023-03-18T07:50:00.000Z";"2023-03-18T23:52:00.000Z";6.3391883543;6.5286143942;6.119489154;6.1270820888;11289989.95;168310300.58;"2023-03-18T23:59:59.999Z"
"2023-03-17T00:00:00.000Z";"2023-03-17T23:59:59.999Z";"2023-03-17T12:01:00.000Z";"2023-03-17T01:14:00.000Z";5.7363660261;6.408287486;5.6599419908;6.3401949074;17350759.19;174127050.29;"2023-03-17T23:59:59.999Z"
"2023-03-16T00:00:00.000Z";"2023-03-16T23:59:59.999Z";"2023-03-16T23:56:00.000Z";"2023-03-16T05:13:00.000Z";5.6761378441;5.7400894232;5.5422101945;5.7365148028;11308400.71;157482345.5;"2023-03-16T23:59:59.999Z"
"2023-03-15T00:00:00.000Z";"2023-03-15T23:59:59.999Z";"2023-03-15T05:29:00.000Z";"2023-03-15T18:18:00.000Z";6.1572347177;6.2882607937;5.5972382982;5.6689843992;13289432.29;155595479.59;"2023-03-15T23:59:59.999Z"
"2023-03-14T00:00:00.000Z";"2023-03-14T23:59:59.999Z";"2023-03-14T16:15:00.000Z";"2023-03-14T12:10:00.000Z";5.7127825605;6.3071020199;5.5488953766;6.1560954584;16655800.02;168929391.52;"2023-03-14T23:59:59.999Z"
"2023-03-13T00:00:00.000Z";"2023-03-13T23:59:59.999Z";"2023-03-13T15:23:00.000Z";"2023-03-13T12:52:00.000Z";5.5532694712;5.7703937812;5.332520801;5.7153147655;15022355.79;156800366.75;"2023-03-13T23:59:59.999Z"
"2023-03-12T00:00:00.000Z";"2023-03-12T23:59:59.999Z";"2023-03-12T23:54:00.000Z";"2023-03-12T16:07:00.000Z";5.0030819724;5.5628395308;4.9176051264;5.5538557664;11203172.07;152338184.39;"2023-03-12T23:59:59.999Z"
"2023-03-11T00:00:00.000Z";"2023-03-11T23:59:59.999Z";"2023-03-11T01:58:00.000Z";"2023-03-11T16:10:00.000Z";5.2920561012;5.4402380467;4.8343208897;5.0050152665;11382452.85;137254357.07;"2023-03-11T23:59:59.999Z"
"2023-03-10T00:00:00.000Z";"2023-03-10T23:59:59.999Z";"2023-03-10T00:00:00.000Z";"2023-03-10T10:42:00.000Z";5.4196601589;5.4196601589;5.0767375694;5.2933611903;10769505.24;145132532.31;"2023-03-10T23:59:59.999Z"
"2023-03-09T00:00:00.000Z";"2023-03-09T23:59:59.999Z";"2023-03-09T14:52:00.000Z";"2023-03-09T21:01:00.000Z";5.6624847147;5.8456658024;5.282803745;5.4195039177;11929319.17;148557769.42;"2023-03-09T23:59:59.999Z"
"2023-03-08T00:00:00.000Z";"2023-03-08T23:59:59.999Z";"2023-03-08T00:00:00.000Z";"2023-03-08T22:56:00.000Z";6.0020615137;6.0020615137;5.6124757197;5.6611479769;9484077.25;155118159.06;"2023-03-08T23:59:59.999Z"
"2023-03-07T00:00:00.000Z";"2023-03-07T23:59:59.999Z";"2023-03-07T02:11:00.000Z";"2023-03-07T22:13:00.000Z";6.1748465868;6.2288051191;5.8123895883;6.0023379347;7964901.52;164431068.38;"2023-03-07T23:59:59.999Z"
"2023-03-06T00:00:00.000Z";"2023-03-06T23:59:59.999Z";"2023-03-06T23:49:00.000Z";"2023-03-06T05:14:00.000Z";5.939256673;6.1929537504;5.8577534508;6.1754499032;6854339.32;169136697.29;"2023-03-06T23:59:59.999Z"
"2023-03-05T00:00:00.000Z";"2023-03-05T23:59:59.999Z";"2023-03-05T02:05:00.000Z";"2023-03-05T23:49:00.000Z";6.0061092921;6.2671698388;5.9249268576;5.9386180013;6269415.68;162614909.38;"2023-03-05T23:59:59.999Z"
"2023-03-04T00:00:00.000Z";"2023-03-04T23:59:59.999Z";"2023-03-04T00:10:00.000Z";"2023-03-04T21:46:00.000Z";6.3952264081;6.4606581295;5.9065696602;6.0059686111;7967991.52;164423525.9;"2023-03-04T23:59:59.999Z"
"2023-03-03T00:00:00.000Z";"2023-03-03T23:59:59.999Z";"2023-03-03T00:07:00.000Z";"2023-03-03T01:35:00.000Z";6.9710668104;6.9831478921;6.1777632245;6.3942770372;10946602.33;175016288.43;"2023-03-03T23:59:59.999Z"
"2023-03-02T00:00:00.000Z";"2023-03-02T23:59:59.999Z";"2023-03-02T05:31:00.000Z";"2023-03-02T18:36:00.000Z";7.2060617921;7.2753481258;6.8026038404;6.970973461;8115445.36;190759771.16;"2023-03-02T23:59:59.999Z"
"2023-03-01T00:00:00.000Z";"2023-03-01T23:59:59.999Z";"2023-03-01T14:51:00.000Z";"2023-03-01T01:11:00.000Z";7.0563480609;7.3397304328;6.8902924601;7.2059854295;10007542.18;197148028.12;"2023-03-01T23:59:59.999Z"
"2023-02-28T00:00:00.000Z";"2023-02-28T23:59:59.999Z";"2023-02-28T00:04:00.000Z";"2023-02-28T23:37:00.000Z";7.6150402174;7.6330267437;7.0541825501;7.0569709875;8656688.42;193027582.73;"2023-02-28T23:59:59.999Z"
"2023-02-27T00:00:00.000Z";"2023-02-27T23:59:59.999Z";"2023-02-27T14:04:00.000Z";"2023-02-27T18:27:00.000Z";7.7741071279;7.9066191895;7.4139918924;7.6148049461;6404813.44;208200326.58;"2023-02-27T23:59:59.999Z"
"2023-02-26T00:00:00.000Z";"2023-02-26T23:59:59.999Z";"2023-02-26T20:54:00.000Z";"2023-02-26T01:39:00.000Z";7.5242058765;7.8524549157;7.4853778021;7.7744420054;4838038.01;212519950.71;"2023-02-26T23:59:59.999Z"
"2023-02-25T00:00:00.000Z";"2023-02-25T23:59:59.999Z";"2023-02-25T00:31:00.000Z";"2023-02-25T20:47:00.000Z";7.6416925173;7.7111411285;7.1900551949;7.5240324259;9457789.54;205630672.51;"2023-02-25T23:59:59.999Z"
"2023-02-24T00:00:00.000Z";"2023-02-24T23:59:59.999Z";"2023-02-24T08:01:00.000Z";"2023-02-24T22:42:00.000Z";8.2828767469;8.4330349519;7.5371708257;7.6409111928;8743613.69;208780226.95;"2023-02-24T23:59:59.999Z"
"2023-02-23T00:00:00.000Z";"2023-02-23T23:59:59.999Z";"2023-02-23T05:26:00.000Z";"2023-02-23T22:17:00.000Z";8.395401227;8.6538766483;8.1553028184;8.2825153188;7213101.31;226263058.73;"2023-02-23T23:59:59.999Z"
"2023-02-22T00:00:00.000Z";"2023-02-22T23:59:59.999Z";"2023-02-22T00:19:00.000Z";"2023-02-22T17:37:00.000Z";8.6250497003;8.7315009518;8.1465000275;8.3944478556;8335222.65;229271940.31;"2023-02-22T23:59:59.999Z"
"2023-02-21T00:00:00.000Z";"2023-02-21T23:59:59.999Z";"2023-02-21T02:05:00.000Z";"2023-02-21T15:17:00.000Z";9.0527205247;9.2368728546;8.4730973356;8.6201787456;11188193.02;235387165.93;"2023-02-21T23:59:59.999Z"
"2023-02-20T00:00:00.000Z";"2023-02-20T23:59:59.999Z";"2023-02-20T05:09:00.000Z";"2023-02-20T01:20:00.000Z";8.9023464683;9.263629195;8.8233283798;9.0532941548;8984912.19;247159599.7;"2023-02-20T23:59:59.999Z"
"2023-02-19T00:00:00.000Z";"2023-02-19T23:59:59.999Z";"2023-02-19T15:21:00.000Z";"2023-02-19T20:43:00.000Z";9.0691339247;9.28485548;8.7555806127;8.9030715878;10131060.31;243005689.59;"2023-02-19T23:59:59.999Z"
"2023-02-18T00:00:00.000Z";"2023-02-18T23:59:59.999Z";"2023-02-18T02:08:00.000Z";"2023-02-18T20:08:00.000Z";9.0614689451;9.36333222;8.9071610131;9.0699756366;10092570.62;247460639.64;"2023-02-18T23:59:59.999Z"
"2023-02-17T00:00:00.000Z";"2023-02-17T23:59:59.999Z";"2023-02-17T04:04:00.000Z";"2023-02-17T22:14:00.000Z";9.1193715133;9.6191763552;8.9686082886;9.0592275147;10548607.85;247115434.8;"2023-02-17T23:59:59.999Z"
"2023-02-16T00:00:00.000Z";"2023-02-16T23:59:59.999Z";"2023-02-16T17:53:00.000Z";"2023-02-16T23:01:00.000Z";9.5215131097;9.8492649883;9.1058390112;9.1206104802;13302310;248737657.77;"2023-02-16T23:59:59.999Z"
"2023-02-15T00:00:00.000Z";"2023-02-15T23:59:59.999Z";"2023-02-15T23:54:00.000Z";"2023-02-15T09:01:00.000Z";9.1428224874;9.5427325034;8.82472033;9.5225773152;12843460.58;259646955.45;"2023-02-15T23:59:59.999Z"
"2023-02-14T00:00:00.000Z";"2023-02-14T23:59:59.999Z";"2023-02-14T16:22:00.000Z";"2023-02-14T00:00:00.000Z";8.6917780671;9.3746793209;8.6917780671;9.1431414931;8346797.74;249247574.91;"2023-02-14T23:59:59.999Z"
"2023-02-13T00:00:00.000Z";"2023-02-13T23:59:59.999Z";"2023-02-13T13:29:00.000Z";"2023-02-13T18:22:00.000Z";9.0461125117;9.365647278;8.5456450559;8.6941974078;11823064.89;236962510.86;"2023-02-13T23:59:59.999Z"
"2023-02-12T00:00:00.000Z";"2023-02-12T23:59:59.999Z";"2023-02-12T00:00:00.000Z";"2023-02-12T23:38:00.000Z";9.5255392701;9.5255392701;9.0098314322;9.0451463184;6043644.14;246476029.3;"2023-02-12T23:59:59.999Z"
"2023-02-11T00:00:00.000Z";"2023-02-11T23:59:59.999Z";"2023-02-11T16:31:00.000Z";"2023-02-11T01:57:00.000Z";8.9890657762;9.6156343308;8.8616686913;9.5252347907;10914855.29;259503996.94;"2023-02-11T23:59:59.999Z"
"2023-02-10T00:00:00.000Z";"2023-02-10T23:59:59.999Z";"2023-02-10T20:16:00.000Z";"2023-02-10T13:43:00.000Z";8.7811013749;9.3043627582;8.4769112084;8.9887276539;12635329.48;244788127.78;"2023-02-10T23:59:59.999Z"
"2023-02-09T00:00:00.000Z";"2023-02-09T23:59:59.999Z";"2023-02-09T08:04:00.000Z";"2023-02-09T22:58:00.000Z";10.2179434168;10.7085956319;8.504857134;8.7781347085;29875463.79;239003924.99;"2023-02-09T23:59:59.999Z"
"2023-02-08T00:00:00.000Z";"2023-02-08T23:59:59.999Z";"2023-02-08T18:06:00.000Z";"2023-02-08T21:04:00.000Z";10.3615979281;10.5238346623;9.865714058;10.2157766175;13335945.54;278089778.81;"2023-02-08T23:59:59.999Z"
"2023-02-07T00:00:00.000Z";"2023-02-07T23:59:59.999Z";"2023-02-07T18:04:00.000Z";"2023-02-07T01:52:00.000Z";8.9222805326;11.297531583;8.8596655401;10.3593783392;37887175.48;281938701.93;"2023-02-07T23:59:59.999Z"
"2023-02-06T00:00:00.000Z";"2023-02-06T23:59:59.999Z";"2023-02-06T18:17:00.000Z";"2023-02-06T00:01:00.000Z";8.4788275691;9.1901975119;8.4709080678;8.9240359365;13253985.13;242827217.19;"2023-02-06T23:59:59.999Z"
"2023-02-05T00:00:00.000Z";"2023-02-05T23:59:59.999Z";"2023-02-05T14:58:00.000Z";"2023-02-05T13:14:00.000Z";8.5430856751;8.8037656243;8.2390430339;8.4813235429;13097831.48;230733789.02;"2023-02-05T23:59:59.999Z"
"2023-02-04T00:00:00.000Z";"2023-02-04T23:59:59.999Z";"2023-02-04T12:59:00.000Z";"2023-02-04T00:25:00.000Z";8.4110937089;8.6576589764;8.3444769752;8.5424446501;9456252.04;232346555.31;"2023-02-04T23:59:59.999Z"
"2023-02-03T00:00:00.000Z";"2023-02-03T23:59:59.999Z";"2023-02-03T18:16:00.000Z";"2023-02-03T03:30:00.000Z";7.5744259944;8.6556040748;7.4598373452;8.4105888298;24406657.59;228713521.18;"2023-02-03T23:59:59.999Z"
"2023-02-02T00:00:00.000Z";"2023-02-02T23:59:59.999Z";"2023-02-02T18:46:00.000Z";"2023-02-02T22:05:00.000Z";7.5282369499;7.8150925713;7.4931980888;7.5771231905;8433983.98;205968207.07;"2023-02-02T23:59:59.999Z"
"2023-02-01T00:00:00.000Z";"2023-02-01T23:59:59.999Z";"2023-02-01T23:31:00.000Z";"2023-02-01T18:16:00.000Z";7.3754991182;7.5846852565;6.940360471;7.5325046721;10440052.45;204714137.8;"2023-02-01T23:59:59.999Z"
"2023-01-31T00:00:00.000Z";"2023-01-31T23:59:59.999Z";"2023-01-31T16:51:00.000Z";"2023-01-31T12:51:00.000Z";7.1314715039;7.884866027;6.9709995355;7.3763023274;14388584.27;200428513.29;"2023-01-31T23:59:59.999Z"
"2023-01-30T00:00:00.000Z";"2023-01-30T23:59:59.999Z";"2023-01-30T04:37:00.000Z";"2023-01-30T19:13:00.000Z";7.4734350423;7.5426697785;6.9376442558;7.1292770646;7819770.84;193677169.48;"2023-01-30T23:59:59.999Z"
"2023-01-29T00:00:00.000Z";"2023-01-29T23:59:59.999Z";"2023-01-29T23:20:00.000Z";"2023-01-29T07:44:00.000Z";7.3417463593;7.5017173708;7.3024738371;7.4730796172;5402187.1;202975281.94;"2023-01-29T23:59:59.999Z"
"2023-01-28T00:00:00.000Z";"2023-01-28T23:59:59.999Z";"2023-01-28T04:45:00.000Z";"2023-01-28T23:08:00.000Z";7.5773062023;7.7432270781;7.2967561141;7.3413146824;5913842.05;199356520.31;"2023-01-28T23:59:59.999Z"
"2023-01-27T00:00:00.000Z";"2023-01-27T23:59:59.999Z";"2023-01-27T16:31:00.000Z";"2023-01-27T01:41:00.000Z";7.5490643712;7.6460941139;7.3514130275;7.5757865994;13610735.16;205679609.29;"2023-01-27T23:59:59.999Z"
"2023-01-26T00:00:00.000Z";"2023-01-26T23:59:59.999Z";"2023-01-26T14:20:00.000Z";"2023-01-26T11:18:00.000Z";7.5198021959;7.775641362;7.3184299242;7.5513968578;21567852.95;204975361.57;"2023-01-26T23:59:59.999Z"
"2023-01-25T00:00:00.000Z";"2023-01-25T23:59:59.999Z";"2023-01-25T13:55:00.000Z";"2023-01-25T00:32:00.000Z";6.6301630894;8.9198509121;6.3384148825;7.528769435;86707143.86;204279785.5;"2023-01-25T23:59:59.999Z"
"2023-01-24T00:00:00.000Z";"2023-01-24T23:59:59.999Z";"2023-01-24T08:47:00.000Z";"2023-01-24T23:47:00.000Z";6.710697832;6.9060840779;6.4323218652;6.6281156893;9059567.86;179805155.81;"2023-01-24T23:59:59.999Z"
"2023-01-23T00:00:00.000Z";"2023-01-23T23:59:59.999Z";"2023-01-23T18:16:00.000Z";"2023-01-23T15:07:00.000Z";6.5785528276;6.8152500758;6.5549499372;6.7126743659;7686005.82;182061475.83;"2023-01-23T23:59:59.999Z"
"2023-01-22T00:00:00.000Z";"2023-01-22T23:59:59.999Z";"2023-01-22T14:07:00.000Z";"2023-01-22T00:03:00.000Z";6.3149012507;6.8836441041;6.3139720562;6.5783188617;10385401.92;178380592.09;"2023-01-22T23:59:59.999Z"
"2023-01-21T00:00:00.000Z";"2023-01-21T23:59:59.999Z";"2023-01-21T11:52:00.000Z";"2023-01-21T01:01:00.000Z";6.3846673295;6.6661455759;6.2747335272;6.3128978187;14289633.86;171147631.61;"2023-01-21T23:59:59.999Z"
"2023-01-20T00:00:00.000Z";"2023-01-20T23:59:59.999Z";"2023-01-20T22:22:00.000Z";"2023-01-20T12:05:00.000Z";5.4706966135;6.4356439574;5.4525440397;6.3812084095;11239471.97;172963857.39;"2023-01-20T23:59:59.999Z"
"2023-01-19T00:00:00.000Z";"2023-01-19T23:59:59.999Z";"2023-01-19T04:46:00.000Z";"2023-01-19T13:22:00.000Z";5.4231416747;5.5248075334;5.3453412065;5.4693002637;5438595.85;148215071;"2023-01-19T23:59:59.999Z"
"2023-01-18T00:00:00.000Z";"2023-01-18T23:59:59.999Z";"2023-01-18T05:23:00.000Z";"2023-01-18T23:50:00.000Z";6.0371739688;6.2426124956;5.4139276637;5.4210006835;7907821.29;146874382.87;"2023-01-18T23:59:59.999Z"
"2023-01-17T00:00:00.000Z";"2023-01-17T23:59:59.999Z";"2023-01-17T12:01:00.000Z";"2023-01-17T23:58:00.000Z";6.1251979025;6.3337059575;6.0388449732;6.0457643085;7288018.92;163734796.14;"2023-01-17T23:59:59.999Z"
"2023-01-16T00:00:00.000Z";"2023-01-16T23:59:59.999Z";"2023-01-16T02:40:00.000Z";"2023-01-16T15:17:00.000Z";6.0406811753;6.2808887938;5.9136365767;6.1225110749;10945561.02;165778770.78;"2023-01-16T23:59:59.999Z"
"2023-01-15T00:00:00.000Z";"2023-01-15T23:59:59.999Z";"2023-01-15T19:17:00.000Z";"2023-01-15T09:16:00.000Z";6.0050967004;6.126611869;5.7920907357;6.0425563986;10716153.24;163579854.15;"2023-01-15T23:59:59.999Z"
"2023-01-14T00:00:00.000Z";"2023-01-14T23:59:59.999Z";"2023-01-14T08:46:00.000Z";"2023-01-14T00:00:00.000Z";5.5445666252;6.1852656529;5.5445666252;6.0047321953;17175346.19;162522212.93;"2023-01-14T23:59:59.999Z"
"2023-01-13T00:00:00.000Z";"2023-01-13T23:59:59.999Z";"2023-01-13T21:58:00.000Z";"2023-01-13T01:56:00.000Z";5.2544332741;5.5461025511;5.1843510062;5.5444921129;6502637.32;150034772.07;"2023-01-13T23:59:59.999Z"
"2023-01-12T00:00:00.000Z";"2023-01-12T23:59:59.999Z";"2023-01-12T21:05:00.000Z";"2023-01-12T13:34:00.000Z";5.0314148731;5.3060945468;4.9399114056;5.2560182358;7106387.36;142198176.31;"2023-01-12T23:59:59.999Z"
"2023-01-11T00:00:00.000Z";"2023-01-11T23:59:59.999Z";"2023-01-11T23:39:00.000Z";"2023-01-11T17:11:00.000Z";4.9786951491;5.0512824199;4.7962908717;5.031355976;4579000.76;136092161.54;"2023-01-11T23:59:59.999Z"
"2023-01-10T00:00:00.000Z";"2023-01-10T23:59:59.999Z";"2023-01-10T13:56:00.000Z";"2023-01-10T02:44:00.000Z";4.8930550791;5.2819602818;4.7903178195;4.9803613747;9328714.89;134685143.99;"2023-01-10T23:59:59.999Z"
"2023-01-09T00:00:00.000Z";"2023-01-09T23:59:59.999Z";"2023-01-09T21:28:00.000Z";"2023-01-09T00:00:00.000Z";4.695557701;4.977394085;4.695557701;4.8940121181;7507200.18;132322840.24;"2023-01-09T23:59:59.999Z"
"2023-01-08T00:00:00.000Z";"2023-01-08T23:59:59.999Z";"2023-01-08T23:59:00.000Z";"2023-01-08T00:43:00.000Z";4.5357029658;4.6958556957;4.4742680251;4.6958556957;4324183.65;126914906.61;"2023-01-08T23:59:59.999Z"
"2023-01-07T00:00:00.000Z";"2023-01-07T23:59:59.999Z";"2023-01-07T21:18:00.000Z";"2023-01-07T00:16:00.000Z";4.4417556291;4.5760678638;4.4332079001;4.5356129734;4427771.42;122559113.07;"2023-01-07T23:59:59.999Z"
"2023-01-06T00:00:00.000Z";"2023-01-06T23:59:59.999Z";"2023-01-06T01:49:00.000Z";"2023-01-06T13:14:00.000Z";4.4937973488;4.5248553723;4.2790609028;4.4399693868;5343934.42;119950358.39;"2023-01-06T23:59:59.999Z"
"2023-01-05T00:00:00.000Z";"2023-01-05T23:59:59.999Z";"2023-01-05T05:31:00.000Z";"2023-01-05T23:28:00.000Z";4.716817232;4.7628783296;4.4750248913;4.4911109626;4301804.35;121306549.62;"2023-01-05T23:59:59.999Z"
"2023-01-04T00:00:00.000Z";"2023-01-04T23:59:59.999Z";"2023-01-04T06:30:00.000Z";"2023-01-04T20:48:00.000Z";4.7072224442;4.8370224315;4.6369320998;4.7159374449;4876652.56;127353778.87;"2023-01-04T23:59:59.999Z"
"2023-01-03T00:00:00.000Z";"2023-01-03T23:59:59.999Z";"2023-01-03T10:09:00.000Z";"2023-01-03T01:35:00.000Z";4.6617642103;4.7863667707;4.6426829736;4.7069357225;5025717.09;127085438.95;"2023-01-03T23:59:59.999Z"
"2023-01-02T00:00:00.000Z";"2023-01-02T23:59:59.999Z";"2023-01-02T22:05:00.000Z";"2023-01-02T01:19:00.000Z";4.5873558619;4.6968917933;4.523086259;4.661283866;6172136.25;125827545.47;"2023-01-02T23:59:59.999Z"
"2023-01-01T00:00:00.000Z";"2023-01-01T23:59:59.999Z";"2023-01-01T23:19:00.000Z";"2023-01-01T18:04:00.000Z";4.5454660258;4.5976265476;4.4817519363;4.5873855209;4760969.59;123807665.34;"2023-01-01T23:59:59.999Z"
"2022-12-31T00:00:00.000Z";"2022-12-31T23:59:59.999Z";"2022-12-31T14:08:00.000Z";"2022-12-31T05:55:00.000Z";4.4567047661;4.6902246332;4.4296471613;4.5473000248;9483337.97;122677655.77;"2022-12-31T23:59:59.999Z"
"2022-12-30T00:00:00.000Z";"2022-12-30T23:59:59.999Z";"2022-12-30T12:46:00.000Z";"2022-12-30T07:46:00.000Z";4.5747916592;4.764837843;4.3458008201;4.4568207109;7867481.97;120212753.22;"2022-12-30T23:59:59.999Z"
"2022-12-29T00:00:00.000Z";"2022-12-29T23:59:59.999Z";"2022-12-29T05:06:00.000Z";"2022-12-29T20:41:00.000Z";4.6758598718;4.7495342278;4.3538732656;4.5730889674;4962856.3;123324136.28;"2022-12-29T23:59:59.999Z"
"2022-12-28T00:00:00.000Z";"2022-12-28T23:59:59.999Z";"2022-12-28T00:12:00.000Z";"2022-12-28T22:11:00.000Z";5.0813531181;5.0940664735;4.6361921127;4.6745864265;5840071.87;126036270.01;"2022-12-28T23:59:59.999Z"
"2022-12-27T00:00:00.000Z";"2022-12-27T23:59:59.999Z";"2022-12-27T00:17:00.000Z";"2022-12-27T23:45:00.000Z";5.4304522141;5.4508190423;5.0702979411;5.0809659228;5468011.02;136965783.86;"2022-12-27T23:59:59.999Z"
"2022-12-26T00:00:00.000Z";"2022-12-26T23:59:59.999Z";"2022-12-26T00:10:00.000Z";"2022-12-26T18:14:00.000Z";5.64004723;5.643820553;5.3934522219;5.4297680984;6013004.42;146339282.05;"2022-12-26T23:59:59.999Z"
"2022-12-25T00:00:00.000Z";"2022-12-25T23:59:59.999Z";"2022-12-25T11:58:00.000Z";"2022-12-25T19:25:00.000Z";5.612814074;5.6637812096;5.5417988259;5.6358107899;5296196.01;151862566.2;"2022-12-25T23:59:59.999Z"
"2022-12-24T00:00:00.000Z";"2022-12-24T23:59:59.999Z";"2022-12-24T02:56:00.000Z";"2022-12-24T17:44:00.000Z";5.6318024795;5.6344979019;5.5093370943;5.6128195332;5072497.94;151183447.22;"2022-12-24T23:59:59.999Z"
"2022-12-23T00:00:00.000Z";"2022-12-23T23:59:59.999Z";"2022-12-23T03:08:00.000Z";"2022-12-23T15:11:00.000Z";5.6690205541;5.6888162939;5.5654051929;5.6330531288;5109622.98;151698596.21;"2022-12-23T23:59:59.999Z"
"2022-12-22T00:00:00.000Z";"2022-12-22T23:59:59.999Z";"2022-12-22T10:07:00.000Z";"2022-12-22T18:52:00.000Z";5.6603895299;5.6943082843;5.4802691009;5.6689783997;5751515.44;152635950.17;"2022-12-22T23:59:59.999Z"
"2022-12-21T00:00:00.000Z";"2022-12-21T23:59:59.999Z";"2022-12-21T16:58:00.000Z";"2022-12-21T05:04:00.000Z";5.7201320224;5.7550511899;5.5551062465;5.6591842043;5458078.52;152342108.96;"2022-12-21T23:59:59.999Z"
"2022-12-20T00:00:00.000Z";"2022-12-20T23:59:59.999Z";"2022-12-20T19:43:00.000Z";"2022-12-20T00:16:00.000Z";5.3994162398;5.7578735184;5.387488078;5.7218794493;7098857.77;153999513.51;"2022-12-20T23:59:59.999Z"
"2022-12-19T00:00:00.000Z";"2022-12-19T23:59:59.999Z";"2022-12-19T00:43:00.000Z";"2022-12-19T22:38:00.000Z";5.7090669241;5.7607195443;5.3614178327;5.3975584297;4189048.96;136095399;"2022-12-19T23:59:59.999Z"
"2022-12-18T00:00:00.000Z";"2022-12-18T23:59:59.999Z";"2022-12-18T04:33:00.000Z";"2022-12-18T10:28:00.000Z";5.7789726168;5.8021861198;5.6861820806;5.708580969;2791452.45;143908300.05;"2022-12-18T23:59:59.999Z"
"2022-12-17T00:00:00.000Z";"2022-12-17T23:59:59.999Z";"2022-12-17T23:58:00.000Z";"2022-12-17T00:02:00.000Z";5.5855606455;5.7790471608;5.5827239993;5.7774904452;3790868.7;145613760;"2022-12-17T23:59:59.999Z"
"2022-12-16T00:00:00.000Z";"2022-12-16T23:59:59.999Z";"2022-12-16T07:51:00.000Z";"2022-12-16T23:35:00.000Z";6.4769976692;6.6002417475;5.5114148167;5.5813725789;5824046.19;140640383.96;"2022-12-16T23:59:59.999Z"
"2022-12-15T00:00:00.000Z";"2022-12-15T23:59:59.999Z";"2022-12-15T01:23:00.000Z";"2022-12-15T23:44:00.000Z";6.7443754339;6.7517353915;6.4688832164;6.4769719985;4083556.81;163140807.22;"2022-12-15T23:59:59.999Z"
"2022-12-14T00:00:00.000Z";"2022-12-14T23:59:59.999Z";"2022-12-14T15:25:00.000Z";"2022-12-14T19:38:00.000Z";6.7016892084;6.9553621222;6.6952803442;6.7436565546;6226640.19;169822273.59;"2022-12-14T23:59:59.999Z"
"2022-12-13T00:00:00.000Z";"2022-12-13T23:59:59.999Z";"2022-12-13T00:09:00.000Z";"2022-12-13T09:01:00.000Z";6.8152093426;6.8284301009;6.5778133941;6.7003351904;7523786.6;168693047.67;"2022-12-13T23:59:59.999Z"
"2022-12-12T00:00:00.000Z";"2022-12-12T23:59:59.999Z";"2022-12-12T00:00:00.000Z";"2022-12-12T17:32:00.000Z";7.0499249743;7.0499249743;6.7484480151;6.815965141;4563917.91;171569310.47;"2022-12-12T23:59:59.999Z"
"2022-12-11T00:00:00.000Z";"2022-12-11T23:59:59.999Z";"2022-12-11T01:17:00.000Z";"2022-12-11T23:47:00.000Z";7.3094519226;7.3315742886;7.0345240508;7.0489538331;4916823.88;177395542.2;"2022-12-11T23:59:59.999Z"
"2022-12-10T00:00:00.000Z";"2022-12-10T23:59:59.999Z";"2022-12-10T19:00:00.000Z";"2022-12-10T01:06:00.000Z";7.245514371;7.3811904553;7.231064285;7.3083905581;8012525.46;183883510.73;"2022-12-10T23:59:59.999Z"
"2022-12-09T00:00:00.000Z";"2022-12-09T23:59:59.999Z";"2022-12-09T10:13:00.000Z";"2022-12-09T21:48:00.000Z";7.2739510817;7.3089895036;7.1996636361;7.2438625408;4944088.34;182219803.08;"2022-12-09T23:59:59.999Z"
"2022-12-08T00:00:00.000Z";"2022-12-08T23:59:59.999Z";"2022-12-08T09:22:00.000Z";"2022-12-08T11:49:00.000Z";7.1752518473;7.3302131072;7.0371468799;7.2744177586;10260626.49;182948167.88;"2022-12-08T23:59:59.999Z"
"2022-12-07T00:00:00.000Z";"2022-12-07T23:59:59.999Z";"2022-12-07T02:42:00.000Z";"2022-12-07T21:46:00.000Z";7.5610213027;7.5816674809;7.1403866154;7.1730395484;6747793;180321460.12;"2022-12-07T23:59:59.999Z"
"2022-12-06T00:00:00.000Z";"2022-12-06T23:59:59.999Z";"2022-12-06T14:44:00.000Z";"2022-12-06T10:07:00.000Z";7.5702879272;7.7969955892;7.5141965371;7.5574200087;6036384.51;189942491.75;"2022-12-06T23:59:59.999Z"
"2022-12-05T00:00:00.000Z";"2022-12-05T23:59:59.999Z";"2022-12-05T18:50:00.000Z";"2022-12-05T19:31:00.000Z";7.4914591504;7.6548364983;7.430044629;7.5694105612;4962661.65;190212987.97;"2022-12-05T23:59:59.999Z"
"2022-12-04T00:00:00.000Z";"2022-12-04T23:59:59.999Z";"2022-12-04T23:43:00.000Z";"2022-12-04T00:02:00.000Z";7.3411188436;7.4953073743;7.339400136;7.4922778776;4185964.21;188234117.31;"2022-12-04T23:59:59.999Z"
"2022-12-03T00:00:00.000Z";"2022-12-03T23:59:59.999Z";"2022-12-03T00:07:00.000Z";"2022-12-03T22:53:00.000Z";7.6170040708;7.6492365026;7.3288090127;7.3362614673;6503560.84;184285502.56;"2022-12-03T23:59:59.999Z"
"2022-12-02T00:00:00.000Z";"2022-12-02T23:59:59.999Z";"2022-12-02T13:10:00.000Z";"2022-12-02T04:12:00.000Z";7.5059155931;7.6731094298;7.4792331833;7.6189264535;4397003.97;191341464.6;"2022-12-02T23:59:59.999Z"
"2022-12-01T00:00:00.000Z";"2022-12-01T23:59:59.999Z";"2022-12-01T13:17:00.000Z";"2022-12-01T15:23:00.000Z";7.5514442976;7.7532108546;7.437283893;7.5048265002;4670444.83;188447039.79;"2022-12-01T23:59:59.999Z"
"2022-11-30T00:00:00.000Z";"2022-11-30T23:59:59.999Z";"2022-11-30T02:43:00.000Z";"2022-11-30T18:31:00.000Z";7.4269530777;7.6444004295;7.3317822951;7.5524922884;4272595.41;189598987.51;"2022-11-30T23:59:59.999Z"
"2022-11-29T00:00:00.000Z";"2022-11-29T23:59:59.999Z";"2022-11-29T05:14:00.000Z";"2022-11-29T00:15:00.000Z";7.459475839;7.5689936929;7.3710737535;7.426472748;3760292.31;186380924.42;"2022-11-29T23:59:59.999Z"
"2022-11-28T00:00:00.000Z";"2022-11-28T23:59:59.999Z";"2022-11-28T00:32:00.000Z";"2022-11-28T02:09:00.000Z";7.4359919594;7.5513140236;7.12899583;7.4570343146;4245119.65;187117170.81;"2022-11-28T23:59:59.999Z"
"2022-11-27T00:00:00.000Z";"2022-11-27T23:59:59.999Z";"2022-11-27T15:52:00.000Z";"2022-11-27T00:46:00.000Z";7.370959042;7.705693489;7.3690384543;7.4361410524;4181630.89;186561730.55;"2022-11-27T23:59:59.999Z"
"2022-11-26T00:00:00.000Z";"2022-11-26T23:59:59.999Z";"2022-11-26T02:16:00.000Z";"2022-11-26T22:53:00.000Z";7.4997719409;7.6253990806;7.3353049089;7.370590805;7713901.31;184885624.15;"2022-11-26T23:59:59.999Z"
"2022-11-25T00:00:00.000Z";"2022-11-25T23:59:59.999Z";"2022-11-25T22:16:00.000Z";"2022-11-25T04:57:00.000Z";7.4164602145;7.5390931294;7.1806709975;7.500126835;4644538.33;188105713.11;"2022-11-25T23:59:59.999Z"
"2022-11-24T00:00:00.000Z";"2022-11-24T23:59:59.999Z";"2022-11-24T10:16:00.000Z";"2022-11-24T00:58:00.000Z";7.3246396932;7.477187318;7.2830408172;7.4169108455;3672818.06;185989661.56;"2022-11-24T23:59:59.999Z"
"2022-11-23T00:00:00.000Z";"2022-11-23T23:59:59.999Z";"2022-11-23T09:29:00.000Z";"2022-11-23T00:44:00.000Z";7.1405788957;7.4166044111;7.1141888174;7.3247144937;3757101.13;183640724.95;"2022-11-23T23:59:59.999Z"
"2022-11-22T00:00:00.000Z";"2022-11-22T23:59:59.999Z";"2022-11-22T16:05:00.000Z";"2022-11-22T07:02:00.000Z";6.9487656556;7.1935638086;6.8436150299;7.1420702528;3735194.5;179033569.41;"2022-11-22T23:59:59.999Z"
"2022-11-21T00:00:00.000Z";"2022-11-21T23:59:59.999Z";"2022-11-21T15:43:00.000Z";"2022-11-21T03:30:00.000Z";6.9358185226;7.095249426;6.7277503053;6.9506769533;4224990.94;174207967.35;"2022-11-21T23:59:59.999Z"
"2022-11-20T00:00:00.000Z";"2022-11-20T23:59:59.999Z";"2022-11-20T01:05:00.000Z";"2022-11-20T23:39:00.000Z";7.4013578823;7.4211318737;6.9187864728;6.9407170122;3355177.16;173900928.93;"2022-11-20T23:59:59.999Z"
"2022-11-19T00:00:00.000Z";"2022-11-19T23:59:59.999Z";"2022-11-19T22:45:00.000Z";"2022-11-19T05:26:00.000Z";7.2753362072;7.4414857315;7.0749636529;7.401035842;3228699.43;185402271.39;"2022-11-19T23:59:59.999Z"
"2022-11-18T00:00:00.000Z";"2022-11-18T23:59:59.999Z";"2022-11-18T08:43:00.000Z";"2022-11-18T19:19:00.000Z";7.2854138005;7.449416254;7.2495044944;7.2762926796;2982780.6;182247509.2;"2022-11-18T23:59:59.999Z"
"2022-11-17T00:00:00.000Z";"2022-11-17T23:59:59.999Z";"2022-11-17T21:25:00.000Z";"2022-11-17T04:16:00.000Z";7.1382460314;7.3044262166;7.0593511368;7.2856013655;4115263.71;182450333.75;"2022-11-17T23:59:59.999Z"
"2022-11-16T00:00:00.000Z";"2022-11-16T23:59:59.999Z";"2022-11-16T02:38:00.000Z";"2022-11-16T16:06:00.000Z";7.3321337153;7.4135753938;6.9194319366;7.1378000325;5139455.11;178718286.72;"2022-11-16T23:59:59.999Z"
"2022-11-15T00:00:00.000Z";"2022-11-15T23:59:59.999Z";"2022-11-15T15:40:00.000Z";"2022-11-15T01:04:00.000Z";6.9221920661;7.5340968968;6.8844734469;7.3308285782;6012346.74;183512608.1;"2022-11-15T23:59:59.999Z"
"2022-11-14T00:00:00.000Z";"2022-11-14T23:59:59.999Z";"2022-11-14T23:44:00.000Z";"2022-11-14T05:48:00.000Z";6.7038854903;6.9774211855;6.3827955736;6.9213747749;5846536.89;173232437.98;"2022-11-14T23:59:59.999Z"
"2022-11-13T00:00:00.000Z";"2022-11-13T23:59:59.999Z";"2022-11-13T04:10:00.000Z";"2022-11-13T23:47:00.000Z";6.8016775408;7.1417159229;6.6070098757;6.7043060943;6624174.1;167767775.53;"2022-11-13T23:59:59.999Z"
"2022-11-12T00:00:00.000Z";"2022-11-12T23:59:59.999Z";"2022-11-12T00:03:00.000Z";"2022-11-12T23:38:00.000Z";7.6477574971;7.6709378206;6.7145411363;6.7938098203;7381573.15;169951355.67;"2022-11-12T23:59:59.999Z"
"2022-11-11T00:00:00.000Z";"2022-11-11T23:59:59.999Z";"2022-11-11T01:11:00.000Z";"2022-11-11T14:32:00.000Z";8.0351563728;8.1072875703;7.2491828717;7.6498267314;10323561.27;191331387.26;"2022-11-11T23:59:59.999Z"
"2022-11-10T00:00:00.000Z";"2022-11-10T23:59:59.999Z";"2022-11-10T16:31:00.000Z";"2022-11-10T00:05:00.000Z";7.1126471418;8.5019670493;7.0509497944;8.0351672137;14833834.2;200935622.68;"2022-11-10T23:59:59.999Z"
"2022-11-09T00:00:00.000Z";"2022-11-09T23:59:59.999Z";"2022-11-09T00:26:00.000Z";"2022-11-09T23:10:00.000Z";8.6250508662;8.6478478948;6.8844845732;7.1127355766;18036764.05;177831570.8;"2022-11-09T23:59:59.999Z"
"2022-11-08T00:00:00.000Z";"2022-11-08T23:59:59.999Z";"2022-11-08T00:05:00.000Z";"2022-11-08T19:35:00.000Z";10.9662770139;11.0060768612;7.5584516593;8.6215201224;31521749.02;215513098.49;"2022-11-08T23:59:59.999Z"
"2022-11-07T00:00:00.000Z";"2022-11-07T23:59:59.999Z";"2022-11-07T19:04:00.000Z";"2022-11-07T08:02:00.000Z";9.8522885571;11.7261268328;9.6191582991;10.9671256316;37336600.46;274097667.1;"2022-11-07T23:59:59.999Z"
"2022-11-06T00:00:00.000Z";"2022-11-06T23:59:59.999Z";"2022-11-06T04:31:00.000Z";"2022-11-06T23:17:00.000Z";10.3552844251;11.0051803364;9.8121974402;9.8491001903;13657598.09;246113651.72;"2022-11-06T23:59:59.999Z"
"2022-11-05T00:00:00.000Z";"2022-11-05T23:59:59.999Z";"2022-11-05T01:09:00.000Z";"2022-11-05T23:13:00.000Z";10.6272436562;10.7454132972;10.2024213621;10.3527509649;7415986.56;258652480.92;"2022-11-05T23:59:59.999Z"
"2022-11-04T00:00:00.000Z";"2022-11-04T23:59:59.999Z";"2022-11-04T19:49:00.000Z";"2022-11-04T03:16:00.000Z";10.2480290268;10.7372639581;10.0996143552;10.6266615065;8879842.54;265403081.67;"2022-11-04T23:59:59.999Z"
"2022-11-03T00:00:00.000Z";"2022-11-03T23:59:59.999Z";"2022-11-03T10:10:00.000Z";"2022-11-03T00:05:00.000Z";9.1451115781;11.4485210125;9.1323371066;10.2471793893;45067489.88;255881503.69;"2022-11-03T23:59:59.999Z"
"2022-11-02T00:00:00.000Z";"2022-11-02T23:59:59.999Z";"2022-11-02T09:08:00.000Z";"2022-11-02T20:33:00.000Z";9.428888149;9.5091064042;8.9345227697;9.1473305696;6469739.36;228365600.9;"2022-11-02T23:59:59.999Z"
"2022-11-01T00:00:00.000Z";"2022-11-01T23:59:59.999Z";"2022-11-01T09:50:00.000Z";"2022-11-01T00:01:00.000Z";9.3785397275;9.6562984397;9.3694548388;9.4275156774;3881841.2;235315125.79;"2022-11-01T23:59:59.999Z"
"2022-10-31T00:00:00.000Z";"2022-10-31T23:59:59.999Z";"2022-10-31T10:11:00.000Z";"2022-10-31T14:11:00.000Z";9.3238899255;9.6270759154;9.1568388091;9.3810723846;6515607.04;234112111.63;"2022-10-31T23:59:59.999Z"
"2022-10-30T00:00:00.000Z";"2022-10-30T23:59:59.999Z";"2022-10-30T08:02:00.000Z";"2022-10-30T22:31:00.000Z";9.4227809545;9.7614525578;9.1778102657;9.3266652931;4737285.08;232702277.26;"2022-10-30T23:59:59.999Z"
"2022-10-29T00:00:00.000Z";"2022-10-29T23:59:59.999Z";"2022-10-29T08:36:00.000Z";"2022-10-29T00:07:00.000Z";9.2932190902;9.6951622205;9.2901337016;9.424070532;7044999.18;235094060.27;"2022-10-29T23:59:59.999Z"
"2022-10-28T00:00:00.000Z";"2022-10-28T23:59:59.999Z";"2022-10-28T17:34:00.000Z";"2022-10-28T00:23:00.000Z";9.0414721282;9.3808962689;8.9875877685;9.2932041388;4972383.05;231791601.12;"2022-10-28T23:59:59.999Z"
"2022-10-27T00:00:00.000Z";"2022-10-27T23:59:59.999Z";"2022-10-27T06:33:00.000Z";"2022-10-27T23:17:00.000Z";9.3124730523;9.5488435971;9.0088235012;9.0393783666;5729632.77;225373622.91;"2022-10-27T23:59:59.999Z"
"2022-10-26T00:00:00.000Z";"2022-10-26T23:59:59.999Z";"2022-10-26T07:59:00.000Z";"2022-10-26T00:01:00.000Z";8.9574588173;9.4213380421;8.9537478929;9.3118278086;4999184.64;232111908.35;"2022-10-26T23:59:59.999Z"
"2022-10-25T00:00:00.000Z";"2022-10-25T23:59:59.999Z";"2022-10-25T19:20:00.000Z";"2022-10-25T09:07:00.000Z";8.6974346901;9.1137278928;8.5563351076;8.9622796597;4036493.33;223346275.12;"2022-10-25T23:59:59.999Z"
"2022-10-24T00:00:00.000Z";"2022-10-24T23:59:59.999Z";"2022-10-24T00:37:00.000Z";"2022-10-24T23:52:00.000Z";8.9695312294;8.998061759;8.6916384464;8.6974307151;3814719.81;216694910.4;"2022-10-24T23:59:59.999Z"
"2022-10-23T00:00:00.000Z";"2022-10-23T23:59:59.999Z";"2022-10-23T19:32:00.000Z";"2022-10-23T11:37:00.000Z";8.8004790072;9.0582402587;8.7465956955;8.969429383;3445036.35;223418855.5;"2022-10-23T23:59:59.999Z"
"2022-10-22T00:00:00.000Z";"2022-10-22T23:59:59.999Z";"2022-10-22T13:23:00.000Z";"2022-10-22T05:31:00.000Z";8.7745238324;8.9632463754;8.6648342908;8.8013028319;3127588.97;219174992.56;"2022-10-22T23:59:59.999Z"
"2022-10-21T00:00:00.000Z";"2022-10-21T23:59:59.999Z";"2022-10-21T02:28:00.000Z";"2022-10-21T12:26:00.000Z";8.822824957;8.9070092056;8.3819969142;8.7770647189;4718030.9;218517275.19;"2022-10-21T23:59:59.999Z"
"2022-10-20T00:00:00.000Z";"2022-10-20T23:59:59.999Z";"2022-10-20T14:24:00.000Z";"2022-10-20T01:00:00.000Z";8.3947890768;8.8758797506;8.3302699331;8.8251508431;5428630.2;219659881.31;"2022-10-20T23:59:59.999Z"
"2022-10-19T00:00:00.000Z";"2022-10-19T23:59:59.999Z";"2022-10-19T00:10:00.000Z";"2022-10-19T23:50:00.000Z";8.6937909466;8.7149856041;8.3859017229;8.3954799938;3533212.05;208878248.59;"2022-10-19T23:59:59.999Z"
"2022-10-18T00:00:00.000Z";"2022-10-18T23:59:59.999Z";"2022-10-18T00:36:00.000Z";"2022-10-18T19:18:00.000Z";8.8802082123;8.9807790598;8.5382870191;8.6948073482;3855493.87;216271464.16;"2022-10-18T23:59:59.999Z"
"2022-10-17T00:00:00.000Z";"2022-10-17T23:59:59.999Z";"2022-10-17T14:18:00.000Z";"2022-10-17T02:12:00.000Z";8.6981312122;8.9564714871;8.6309041648;8.881307916;3534579.34;220855141.81;"2022-10-17T23:59:59.999Z"
"2022-10-16T00:00:00.000Z";"2022-10-16T23:59:59.999Z";"2022-10-16T20:06:00.000Z";"2022-10-16T00:14:00.000Z";8.4547465787;8.7548540419;8.4425407502;8.6984336605;3088132.35;216253711.23;"2022-10-16T23:59:59.999Z"
"2022-10-15T00:00:00.000Z";"2022-10-15T23:59:59.999Z";"2022-10-15T16:28:00.000Z";"2022-10-15T08:59:00.000Z";8.424440118;8.5554747187;8.3284560167;8.4527050495;3196830.9;210091720.18;"2022-10-15T23:59:59.999Z"
"2022-10-14T00:00:00.000Z";"2022-10-14T23:59:59.999Z";"2022-10-14T01:54:00.000Z";"2022-10-14T22:31:00.000Z";8.6749346216;8.9083098561;8.353480456;8.4250391434;3593291.1;209348478.84;"2022-10-14T23:59:59.999Z"
"2022-10-13T00:00:00.000Z";"2022-10-13T23:59:59.999Z";"2022-10-13T00:13:00.000Z";"2022-10-13T10:38:00.000Z";8.8469535686;8.8559456106;7.9479260733;8.6737998183;7422103.77;215477873.15;"2022-10-13T23:59:59.999Z"
"2022-10-12T00:00:00.000Z";"2022-10-12T23:59:59.999Z";"2022-10-12T10:02:00.000Z";"2022-10-12T18:11:00.000Z";8.8294678841;9.000151168;8.8097684844;8.8484111783;2861696.15;219761455.21;"2022-10-12T23:59:59.999Z"
"2022-10-11T00:00:00.000Z";"2022-10-11T23:59:59.999Z";"2022-10-11T00:00:00.000Z";"2022-10-11T23:35:00.000Z";9.1119900542;9.1119900542;8.7901292286;8.8275015209;4079984.73;219149055;"2022-10-11T23:59:59.999Z"
"2022-10-10T00:00:00.000Z";"2022-10-10T23:59:59.999Z";"2022-10-10T02:06:00.000Z";"2022-10-10T23:58:00.000Z";9.3711730999;9.5265404788;9.1162531833;9.1167714488;4490284.91;226275694.04;"2022-10-10T23:59:59.999Z"
"2022-10-09T00:00:00.000Z";"2022-10-09T23:59:59.999Z";"2022-10-09T20:59:00.000Z";"2022-10-09T00:00:00.000Z";9.2148095542;9.3846527603;9.2148095542;9.3710732194;2557567.91;232528083.23;"2022-10-09T23:59:59.999Z"
"2022-10-08T00:00:00.000Z";"2022-10-08T23:59:59.999Z";"2022-10-08T14:53:00.000Z";"2022-10-08T22:16:00.000Z";9.2722482004;9.3789622767;9.1807357966;9.2132691594;3663215.92;228554014.67;"2022-10-08T23:59:59.999Z"
"2022-10-07T00:00:00.000Z";"2022-10-07T23:59:59.999Z";"2022-10-07T06:10:00.000Z";"2022-10-07T12:56:00.000Z";9.420363604;9.4789102648;9.1591954874;9.2694130463;3887623.47;229828748.92;"2022-10-07T23:59:59.999Z"
"2022-10-06T00:00:00.000Z";"2022-10-06T23:59:59.999Z";"2022-10-06T04:29:00.000Z";"2022-10-06T00:01:00.000Z";9.2386425725;9.5208453473;9.2376226237;9.4203316332;9222549.62;233565591.32;"2022-10-06T23:59:59.999Z"
"2022-10-05T00:00:00.000Z";"2022-10-05T23:59:59.999Z";"2022-10-05T01:52:00.000Z";"2022-10-05T14:24:00.000Z";9.2869061678;9.3069263037;8.9653142854;9.2385687247;5097416.97;229003582.77;"2022-10-05T23:59:59.999Z"
"2022-10-04T00:00:00.000Z";"2022-10-04T23:59:59.999Z";"2022-10-04T15:47:00.000Z";"2022-10-04T02:34:00.000Z";9.0136575887;9.859543991;8.9817669179;9.2858720223;15216138.22;230081695.79;"2022-10-04T23:59:59.999Z"
"2022-10-03T00:00:00.000Z";"2022-10-03T23:59:59.999Z";"2022-10-03T23:43:00.000Z";"2022-10-03T00:08:00.000Z";8.7371412826;9.0264007267;8.6651913547;9.0149407809;3833618.46;223312320.67;"2022-10-03T23:59:59.999Z"
"2022-10-02T00:00:00.000Z";"2022-10-02T23:59:59.999Z";"2022-10-02T05:44:00.000Z";"2022-10-02T23:37:00.000Z";9.0295084835;9.061831135;8.7151618989;8.7370878389;3949361.14;216356865.85;"2022-10-02T23:59:59.999Z"
"2022-10-01T00:00:00.000Z";"2022-10-01T23:59:59.999Z";"2022-10-01T03:11:00.000Z";"2022-10-01T17:29:00.000Z";9.0152362109;9.0947095044;8.9554239368;9.0282596279;2947398.26;223506489.8;"2022-10-01T23:59:59.999Z"
"2022-09-30T00:00:00.000Z";"2022-09-30T23:59:59.999Z";"2022-09-30T15:19:00.000Z";"2022-09-30T22:13:00.000Z";9.0308439628;9.1867171825;8.9555815687;9.0147768466;5871148.95;223076030.21;"2022-09-30T23:59:59.999Z"
"2022-09-29T00:00:00.000Z";"2022-09-29T23:59:59.999Z";"2022-09-29T21:09:00.000Z";"2022-09-29T14:05:00.000Z";8.8617506564;9.0681577101;8.7858176187;9.030877077;5891567.84;223416006.67;"2022-09-29T23:59:59.999Z"
"2022-09-28T00:00:00.000Z";"2022-09-28T23:59:59.999Z";"2022-09-28T00:32:00.000Z";"2022-09-28T02:45:00.000Z";8.9307114655;8.9531031289;8.5792681247;8.8613334338;5752478.24;219164118.8;"2022-09-28T23:59:59.999Z"
"2022-09-27T00:00:00.000Z";"2022-09-27T23:59:59.999Z";"2022-09-27T06:23:00.000Z";"2022-09-27T19:35:00.000Z";9.0758228061;9.4904835208;8.8481568849;8.9329197166;11216653.89;220835869.54;"2022-09-27T23:59:59.999Z"
"2022-09-26T00:00:00.000Z";"2022-09-26T23:59:59.999Z";"2022-09-26T00:22:00.000Z";"2022-09-26T07:02:00.000Z";9.2564535616;9.3545503876;8.9412194182;9.0755190362;6190851.75;224302019.87;"2022-09-26T23:59:59.999Z"
"2022-09-25T00:00:00.000Z";"2022-09-25T23:59:59.999Z";"2022-09-25T04:02:00.000Z";"2022-09-25T22:07:00.000Z";9.3674736752;9.6069524561;9.1718704618;9.2540968151;4274411.46;228655167.51;"2022-09-25T23:59:59.999Z"
"2022-09-24T00:00:00.000Z";"2022-09-24T23:59:59.999Z";"2022-09-24T17:08:00.000Z";"2022-09-24T22:53:00.000Z";9.5604781387;9.738127739;9.3149712811;9.3638942585;5208507.17;231307529.96;"2022-09-24T23:59:59.999Z"
"2022-09-23T00:00:00.000Z";"2022-09-23T23:59:59.999Z";"2022-09-23T23:11:00.000Z";"2022-09-23T14:05:00.000Z";9.4811682174;9.6692729719;8.9962502978;9.5614965163;7684250.12;236123103.84;"2022-09-23T23:59:59.999Z"
"2022-09-22T00:00:00.000Z";"2022-09-22T23:59:59.999Z";"2022-09-22T23:13:00.000Z";"2022-09-22T01:01:00.000Z";8.7952390314;9.5357022741;8.7313153132;9.4834351363;6515706.78;234093285.73;"2022-09-22T23:59:59.999Z"
"2022-09-21T00:00:00.000Z";"2022-09-21T23:59:59.999Z";"2022-09-21T18:55:00.000Z";"2022-09-21T22:20:00.000Z";8.9989653756;9.4262171614;8.6489647363;8.798113295;9227967.68;217116551.08;"2022-09-21T23:59:59.999Z"
"2022-09-20T00:00:00.000Z";"2022-09-20T23:59:59.999Z";"2022-09-20T07:13:00.000Z";"2022-09-20T13:34:00.000Z";9.107125805;9.1943721792;8.8334448816;8.9972633398;6522569.73;221974645.93;"2022-09-20T23:59:59.999Z"
"2022-09-19T00:00:00.000Z";"2022-09-19T23:59:59.999Z";"2022-09-19T20:16:00.000Z";"2022-09-19T02:27:00.000Z";8.6735681184;9.2522380635;8.573369062;9.105729967;8979470.47;224588361.71;"2022-09-19T23:59:59.999Z"
"2022-09-18T00:00:00.000Z";"2022-09-18T23:59:59.999Z";"2022-09-18T06:03:00.000Z";"2022-09-18T21:13:00.000Z";9.6242864711;9.6560969327;8.5410071243;8.6748716254;6949911.79;213849032.48;"2022-09-18T23:59:59.999Z"
"2022-09-17T00:00:00.000Z";"2022-09-17T23:59:59.999Z";"2022-09-17T17:11:00.000Z";"2022-09-17T00:00:00.000Z";9.4044715367;9.6802551364;9.4044715367;9.6252197233;4161261.13;237213221.05;"2022-09-17T23:59:59.999Z"
"2022-09-16T00:00:00.000Z";"2022-09-16T23:59:59.999Z";"2022-09-16T14:45:00.000Z";"2022-09-16T00:19:00.000Z";9.282520726;9.6216168891;9.1907525519;9.4047721117;8118405.56;231717706.42;"2022-09-16T23:59:59.999Z"
"2022-09-15T00:00:00.000Z";"2022-09-15T23:59:59.999Z";"2022-09-15T00:02:00.000Z";"2022-09-15T23:37:00.000Z";9.9619547095;9.9631264835;9.2655605882;9.2772754619;9677449.84;228514021.91;"2022-09-15T23:59:59.999Z"
"2022-09-14T00:00:00.000Z";"2022-09-14T23:59:59.999Z";"2022-09-14T23:04:00.000Z";"2022-09-14T18:18:00.000Z";9.7463001074;10.0032141001;9.6110855892;9.9619031244;6721873.28;245294354.4;"2022-09-14T23:59:59.999Z"
"2022-09-13T00:00:00.000Z";"2022-09-13T23:59:59.999Z";"2022-09-13T09:23:00.000Z";"2022-09-14T00:04:00.000Z";10.9841511018;11.1794420842;9.6972547388;9.7927190639;13203440.8;241082616.58;"2022-09-13T23:59:59.999Z"
"2022-09-12T00:00:00.000Z";"2022-09-12T23:59:59.999Z";"2022-09-12T01:59:00.000Z";"2022-09-12T16:11:00.000Z";11.2249304484;11.4581798871;10.4928947235;10.9811337688;10281627.3;270265054.51;"2022-09-12T23:59:59.999Z"
"2022-09-11T00:00:00.000Z";"2022-09-11T23:59:59.999Z";"2022-09-11T17:27:00.000Z";"2022-09-11T06:43:00.000Z";10.9492410992;11.3528234541;10.8729818884;11.2240036952;9659857.68;276121558.88;"2022-09-11T23:59:59.999Z"
"2022-09-10T00:00:00.000Z";"2022-09-10T23:59:59.999Z";"2022-09-10T09:17:00.000Z";"2022-09-10T00:37:00.000Z";10.7019674763;11.4021591325;10.6614241594;10.9521035153;21331870.53;269358778.57;"2022-09-10T23:59:59.999Z"
"2022-09-09T00:00:00.000Z";"2022-09-09T23:59:59.999Z";"2022-09-09T21:54:00.000Z";"2022-09-09T00:07:00.000Z";9.9214740126;10.7743700111;9.9134953118;10.7028887423;13195024.28;263157316.88;"2022-09-09T23:59:59.999Z"
"2022-09-08T00:00:00.000Z";"2022-09-08T23:59:59.999Z";"2022-09-08T18:38:00.000Z";"2022-09-08T13:27:00.000Z";10.1944429654;10.4191857246;9.7640660353;9.9222459076;13667412.53;243896201.09;"2022-09-08T23:59:59.999Z"
"2022-09-07T00:00:00.000Z";"2022-09-07T23:59:59.999Z";"2022-09-07T20:58:00.000Z";"2022-09-07T02:29:00.000Z";9.4940650187;10.2878432271;9.3918872226;10.1946237548;8151739.49;250522430.46;"2022-09-07T23:59:59.999Z"
"2022-09-06T00:00:00.000Z";"2022-09-06T23:59:59.999Z";"2022-09-06T01:16:00.000Z";"2022-09-06T23:56:00.000Z";10.7917159558;10.9250882525;9.4895459317;9.4950972255;11952616.66;233265294.12;"2022-09-06T23:59:59.999Z"
"2022-09-05T00:00:00.000Z";"2022-09-05T23:59:59.999Z";"2022-09-05T14:43:00.000Z";"2022-09-05T11:00:00.000Z";10.527604055;10.8432528729;10.2621888732;10.7904979989;9064270.9;265021057.16;"2022-09-05T23:59:59.999Z"
"2022-09-04T00:00:00.000Z";"2022-09-04T23:59:59.999Z";"2022-09-04T19:55:00.000Z";"2022-09-04T08:06:00.000Z";10.1624567122;10.7103067267;10.1471720513;10.5306468118;8820865.98;258567200.04;"2022-09-04T23:59:59.999Z"
"2022-09-03T00:00:00.000Z";"2022-09-03T23:59:59.999Z";"2022-09-03T05:52:00.000Z";"2022-09-03T07:55:00.000Z";10.1690124653;10.2156521996;9.9615969416;10.1610893366;6587378.68;249422175.43;"2022-09-03T23:59:59.999Z"
"2022-09-02T00:00:00.000Z";"2022-09-02T23:59:59.999Z";"2022-09-02T14:45:00.000Z";"2022-09-02T19:46:00.000Z";10.0770212321;10.3987277776;9.8769891557;10.1690254512;8426317.47;249551633.09;"2022-09-02T23:59:59.999Z"